URL,Path,Status,In Sitemap,Title,Title Length,Description,Description Length,Canonical,Robots,Lang,Hreflang,H1,H1 Count,Keywords Meta,Body Word Count,Main Word Count,Brand No-Space Count,JSON-LD Root Types,JSON-LD Types,JSON-LD Blocks,JSON-LD Errors,File
"https://smru.edu.in/","/","200","yes","St.Mary's University | Private University in Hyderabad","54","Official website of St.Mary's University in Hyderabad, Telangana. Explore schools, programmes, admissions, campus information, and official disclosures.","152","https://smru.edu.in/","index,follow","en-IN","","St. Mary's University - St. Mary's Rehabilitation University","1","yes","2025","1741","28","FAQPage; WebPage","Answer; FAQPage; Question; WebPage","2","0","index.html"
"https://smru.edu.in/360/hostel/","/360/hostel/","200","no","Hostel 360° Virtual Tour","24","","0","","","","","","1","no","35","","0","","","0","0","360/hostel/index.html"
"https://smru.edu.in/404.html","/404.html","404","no","Page Not Found | St.Mary's University","37","The page you are looking for does not exist.","44","","noindex","en-IN","","Page Not Found","1","yes","316","32","6","","","0","0","404.html"
"https://smru.edu.in/404/","/404/","200","no","Page Not Found | St.Mary's University","37","The page you are looking for does not exist.","44","","noindex","en-IN","","Page Not Found","1","yes","316","32","6","","","0","0","404/index.html"
"https://smru.edu.in/500.html","/500.html","200","no","Server Error | St. Mary's University","36","","0","","noindex,follow","en","","500 — Internal Server Error","1","no","23","23","0","","","0","0","500.html"
"https://smru.edu.in/about/","/about/","200","yes","About St.Mary's University","26","Learn about the educational legacy, leadership, and vision of St.Mary's University, Hyderabad, with official governance context.","128","https://smru.edu.in/about/","index,follow","en-IN","","About St.Mary's University","1","yes","1443","1159","27","AboutPage; BreadcrumbList","AboutPage; BreadcrumbList; ListItem","2","0","about/index.html"
"https://smru.edu.in/academic-calendar/","/academic-calendar/","200","yes","Academic Calendar | St.Mary's University","40","Official academic calendar status, term dates, and exam schedule publication route.","83","https://smru.edu.in/academic-calendar/","index,follow","en-IN","","Academic Calendar","1","yes","422","138","6","BreadcrumbList; WebPage","BreadcrumbList; ListItem; WebPage","2","0","academic-calendar/index.html"
"https://smru.edu.in/academic-structure/","/academic-structure/","200","yes","Academic Schools & Departments | St.Mary's University","53","Explore the academic structure of St.Mary's University Hyderabad across rehabilitation, allied health, nursing, psychology, engineering, law, and professional","158","https://smru.edu.in/academic-structure/","index,follow","en-IN","","Academic Structure","1","yes","1479","1195","7","","","0","0","academic-structure/index.html"
"https://smru.edu.in/accessibility-statement/","/accessibility-statement/","200","yes","Accessibility Statement | St.Mary's University","46","Accessibility commitment and public feedback route for the St.Mary's University rehabilitation-led website.","107","https://smru.edu.in/accessibility-statement/","index,follow","en-IN","","Accessibility Statement","1","yes","428","144","9","BreadcrumbList; WebPage","BreadcrumbList; ListItem; WebPage","2","0","accessibility-statement/index.html"
"https://smru.edu.in/admission-guides/admission-counselling-guide/","/admission-guides/admission-counselling-guide/","200","yes","Admission Counselling Guide Guide | St.Mary's University","56","Use official St.Marys University routes to verify Admission counselling guide claims before relying on rankings, fees or outcomes.","130","https://smru.edu.in/admission-guides/admission-counselling-guide/","index,follow","en-IN","","Admission Counselling Guide Guide","1","yes","687","403","21","BreadcrumbList; FAQPage; WebPage","Answer; BreadcrumbList; FAQPage; ListItem; Question; WebPage","3","0","admission-guides/admission-counselling-guide/index.html"
"https://smru.edu.in/admission-guides/admission-helpline-guide/","/admission-guides/admission-helpline-guide/","200","yes","Admission Helpline Guide Guide | St.Mary's University","53","Use official St.Marys University routes to verify Admission helpline guide claims before relying on rankings, fees or outcomes.","127","https://smru.edu.in/admission-guides/admission-helpline-guide/","index,follow","en-IN","","Admission Helpline Guide Guide","1","yes","687","403","21","BreadcrumbList; FAQPage; WebPage","Answer; BreadcrumbList; FAQPage; ListItem; Question; WebPage","3","0","admission-guides/admission-helpline-guide/index.html"
"https://smru.edu.in/admission-guides/admission-last-date-check/","/admission-guides/admission-last-date-check/","200","no","Admission Last Date Check Guide | St.Mary's University","54","Use official St.Marys University routes to verify Admission last date check claims before relying on rankings, fees or outcomes.","128","https://smru.edu.in/admission-guides/admission-last-date-check/","noindex,follow","en-IN","","Admission Last Date Check Guide","1","yes","690","406","21","BreadcrumbList; FAQPage; WebPage","Answer; BreadcrumbList; FAQPage; ListItem; Question; WebPage","3","0","admission-guides/admission-last-date-check/index.html"
"https://smru.edu.in/admission-guides/allied-health-technology-courses/","/admission-guides/allied-health-technology-courses/","200","yes","Allied Health Technology Courses | St.Mary's University","55","Check Allied health technology courses with this course guide using official St.Marys University routes before applying.","120","https://smru.edu.in/admission-guides/allied-health-technology-courses/","index,follow","en-IN","","Allied Health Technology Courses Guide","1","yes","738","454","20","BreadcrumbList; FAQPage; WebPage","Answer; BreadcrumbList; FAQPage; ListItem; Question; WebPage","3","0","admission-guides/allied-health-technology-courses/index.html"
"https://smru.edu.in/admission-guides/anesthesia-operation-theatre-technology/","/admission-guides/anesthesia-operation-theatre-technology/","200","yes","Anesthesia Operation Theatre | St.Mary's University","51","Check Anesthesia & Operation Theatre Technology with this course guide using official St.Marys University routes before applying.","129","https://smru.edu.in/admission-guides/anesthesia-operation-theatre-technology/","index,follow","en-IN","","Anesthesia Operation Theatre Technology Course Guide","1","yes","745","461","17","BreadcrumbList; FAQPage; WebPage","Answer; BreadcrumbList; FAQPage; ListItem; Question; WebPage","3","0","admission-guides/anesthesia-operation-theatre-technology/index.html"
"https://smru.edu.in/admission-guides/application-form-guide/","/admission-guides/application-form-guide/","200","yes","St.Marys University Application Form | St.Mary's University","59","Use official St.Marys University routes to verify St.Marys University application form claims before relying on rankings, fees or outcomes.","139","https://smru.edu.in/admission-guides/application-form-guide/","index,follow","en-IN","","St.Marys University Application Form Guide","1","yes","690","406","26","BreadcrumbList; FAQPage; WebPage","Answer; BreadcrumbList; FAQPage; ListItem; Question; WebPage","3","0","admission-guides/application-form-guide/index.html"
"https://smru.edu.in/admission-guides/apply-online-smru/","/admission-guides/apply-online-smru/","200","yes","Apply Online St.Marys University | St.Mary's University","55","Use official St.Marys University routes to verify Apply online St.Marys University guide claims before relying on rankings, fees or outcomes.","141","https://smru.edu.in/admission-guides/apply-online-smru/","index,follow","en-IN","","Apply Online St.Marys University Guide Guide","1","yes","693","409","26","BreadcrumbList; FAQPage; WebPage","Answer; BreadcrumbList; FAQPage; ListItem; Question; WebPage","3","0","admission-guides/apply-online-smru/index.html"
"https://smru.edu.in/admission-guides/b-psychology-course/","/admission-guides/b-psychology-course/","200","yes","B Psychology Course Guide | St.Mary's University","48","Check B.Psychology with this course guide using official St.Marys University routes before applying.","100","https://smru.edu.in/admission-guides/b-psychology-course/","index,follow","en-IN","","B Psychology Course Guide","1","yes","715","431","17","BreadcrumbList; FAQPage; WebPage","Answer; BreadcrumbList; FAQPage; ListItem; Question; WebPage","3","0","admission-guides/b-psychology-course/index.html"
"https://smru.edu.in/admission-guides/ba-bed-special-inclusive-education/","/admission-guides/ba-bed-special-inclusive-education/","200","yes","BA BEd Special Inclusive Education | St.Mary's University","57","Check B.A. B.Ed. Special & Inclusive Education with this course guide using official St.Marys University routes before applying.","128","https://smru.edu.in/admission-guides/ba-bed-special-inclusive-education/","index,follow","en-IN","","BA BEd Special Inclusive Education Guide","1","yes","744","460","17","BreadcrumbList; FAQPage; WebPage","Answer; BreadcrumbList; FAQPage; ListItem; Question; WebPage","3","0","admission-guides/ba-bed-special-inclusive-education/index.html"
"https://smru.edu.in/admission-guides/ba-llb-hons-course/","/admission-guides/ba-llb-hons-course/","200","yes","BA LLB Hons Course Guide | St.Mary's University","47","Check B.A. LL.B. Hons. with this course guide using official St.Marys University routes before applying.","104","https://smru.edu.in/admission-guides/ba-llb-hons-course/","index,follow","en-IN","","BA LLB Hons Course Guide","1","yes","726","442","17","BreadcrumbList; FAQPage; WebPage","Answer; BreadcrumbList; FAQPage; ListItem; Question; WebPage","3","0","admission-guides/ba-llb-hons-course/index.html"
"https://smru.edu.in/admission-guides/baslp-admission-guide/","/admission-guides/baslp-admission-guide/","200","yes","BASLP Admission Guide Guide | St.Mary's University","50","Check BASLP with this admission checklist using official St.Marys University routes before applying.","100","https://smru.edu.in/admission-guides/baslp-admission-guide/","index,follow","en-IN","","BASLP Admission Guide Guide","1","yes","717","433","17","BreadcrumbList; FAQPage; WebPage","Answer; BreadcrumbList; FAQPage; ListItem; Question; WebPage","3","0","admission-guides/baslp-admission-guide/index.html"
"https://smru.edu.in/admission-guides/baslp-course-hyderabad/","/admission-guides/baslp-course-hyderabad/","200","yes","BASLP Course In Hyderabad Guide | St.Mary's University","54","Check BASLP with this Hyderabad course guide using official St.Marys University routes before applying.","103","https://smru.edu.in/admission-guides/baslp-course-hyderabad/","index,follow","en-IN","","BASLP Course In Hyderabad Guide","1","yes","719","435","17","BreadcrumbList; FAQPage; WebPage","Answer; BreadcrumbList; FAQPage; ListItem; Question; WebPage","3","0","admission-guides/baslp-course-hyderabad/index.html"
"https://smru.edu.in/admission-guides/bba-llb-hons-course/","/admission-guides/bba-llb-hons-course/","200","yes","BBA LLB Hons Course Guide | St.Mary's University","48","Check B.B.A. LL.B. Hons. with this course guide using official St.Marys University routes before applying.","106","https://smru.edu.in/admission-guides/bba-llb-hons-course/","index,follow","en-IN","","BBA LLB Hons Course Guide","1","yes","726","442","17","BreadcrumbList; FAQPage; WebPage","Answer; BreadcrumbList; FAQPage; ListItem; Question; WebPage","3","0","admission-guides/bba-llb-hons-course/index.html"
"https://smru.edu.in/admission-guides/bcom-bed-special-inclusive-education/","/admission-guides/bcom-bed-special-inclusive-education/","200","yes","BCom BEd Special Inclusive Education | St.Mary's University","59","Check B.Com. B.Ed. Special & Inclusive Education with this course guide using official St.Marys University routes before applying.","130","https://smru.edu.in/admission-guides/bcom-bed-special-inclusive-education/","index,follow","en-IN","","BCom BEd Special Inclusive Education Guide","1","yes","744","460","17","BreadcrumbList; FAQPage; WebPage","Answer; BreadcrumbList; FAQPage; ListItem; Question; WebPage","3","0","admission-guides/bcom-bed-special-inclusive-education/index.html"
"https://smru.edu.in/admission-guides/bot-admission-guide/","/admission-guides/bot-admission-guide/","200","yes","BOT Admission Guide Guide | St.Mary's University","48","Check BOT with this admission checklist using official St.Marys University routes before applying.","98","https://smru.edu.in/admission-guides/bot-admission-guide/","index,follow","en-IN","","BOT Admission Guide Guide","1","yes","723","439","17","BreadcrumbList; FAQPage; WebPage","Answer; BreadcrumbList; FAQPage; ListItem; Question; WebPage","3","0","admission-guides/bot-admission-guide/index.html"
"https://smru.edu.in/admission-guides/bot-course-hyderabad/","/admission-guides/bot-course-hyderabad/","200","yes","BOT Course In Hyderabad Guide | St.Mary's University","52","Check BOT with this Hyderabad course guide using official St.Marys University routes before applying.","101","https://smru.edu.in/admission-guides/bot-course-hyderabad/","index,follow","en-IN","","BOT Course In Hyderabad Guide","1","yes","725","441","17","BreadcrumbList; FAQPage; WebPage","Answer; BreadcrumbList; FAQPage; ListItem; Question; WebPage","3","0","admission-guides/bot-course-hyderabad/index.html"
"https://smru.edu.in/admission-guides/bpo-course-guide/","/admission-guides/bpo-course-guide/","200","yes","BPO Course Guide Guide | St.Mary's University","45","Check BPO with this course guide using official St.Marys University routes before applying.","91","https://smru.edu.in/admission-guides/bpo-course-guide/","index,follow","en-IN","","BPO Course Guide Guide","1","yes","717","433","17","BreadcrumbList; FAQPage; WebPage","Answer; BreadcrumbList; FAQPage; ListItem; Question; WebPage","3","0","admission-guides/bpo-course-guide/index.html"
"https://smru.edu.in/admission-guides/bpt-admission-guide/","/admission-guides/bpt-admission-guide/","200","yes","BPT Admission Guide Guide | St.Mary's University","48","Check BPT with this admission checklist using official St.Marys University routes before applying.","98","https://smru.edu.in/admission-guides/bpt-admission-guide/","index,follow","en-IN","","BPT Admission Guide Guide","1","yes","723","439","17","BreadcrumbList; FAQPage; WebPage","Answer; BreadcrumbList; FAQPage; ListItem; Question; WebPage","3","0","admission-guides/bpt-admission-guide/index.html"
"https://smru.edu.in/admission-guides/bpt-course-hyderabad/","/admission-guides/bpt-course-hyderabad/","200","yes","BPT Course In Hyderabad Guide | St.Mary's University","52","Check BPT with this Hyderabad course guide using official St.Marys University routes before applying.","101","https://smru.edu.in/admission-guides/bpt-course-hyderabad/","index,follow","en-IN","","BPT Course In Hyderabad Guide","1","yes","725","441","17","BreadcrumbList; FAQPage; WebPage","Answer; BreadcrumbList; FAQPage; ListItem; Question; WebPage","3","0","admission-guides/bpt-course-hyderabad/index.html"
"https://smru.edu.in/admission-guides/bsc-bed-special-inclusive-education/","/admission-guides/bsc-bed-special-inclusive-education/","200","yes","BSc BEd Special Inclusive Education | St.Mary's University","58","Check B.Sc. B.Ed. Special & Inclusive Education with this course guide using official St.Marys University routes before applying.","129","https://smru.edu.in/admission-guides/bsc-bed-special-inclusive-education/","index,follow","en-IN","","BSc BEd Special Inclusive Education Guide","1","yes","744","460","17","BreadcrumbList; FAQPage; WebPage","Answer; BreadcrumbList; FAQPage; ListItem; Question; WebPage","3","0","admission-guides/bsc-bed-special-inclusive-education/index.html"
"https://smru.edu.in/admission-guides/bsc-clinical-psychology-course/","/admission-guides/bsc-clinical-psychology-course/","200","yes","BSc Clinical Psychology Course Guide | St.Mary's University","59","Check B.Sc. Clinical Psychology with this course guide using official St.Marys University routes before applying.","113","https://smru.edu.in/admission-guides/bsc-clinical-psychology-course/","index,follow","en-IN","","BSc Clinical Psychology Course Guide","1","yes","726","442","17","BreadcrumbList; FAQPage; WebPage","Answer; BreadcrumbList; FAQPage; ListItem; Question; WebPage","3","0","admission-guides/bsc-clinical-psychology-course/index.html"
"https://smru.edu.in/admission-guides/bsc-forensic-science-admission/","/admission-guides/bsc-forensic-science-admission/","200","yes","BSc Forensic Science Admission Guide | St.Mary's University","59","Check B.Sc. Forensic Science with this admission checklist using official St.Marys University routes before applying.","117","https://smru.edu.in/admission-guides/bsc-forensic-science-admission/","index,follow","en-IN","","BSc Forensic Science Admission Guide Guide","1","yes","735","451","17","BreadcrumbList; FAQPage; WebPage","Answer; BreadcrumbList; FAQPage; ListItem; Question; WebPage","3","0","admission-guides/bsc-forensic-science-admission/index.html"
"https://smru.edu.in/admission-guides/bsc-forensic-science-course/","/admission-guides/bsc-forensic-science-course/","200","yes","BSc Forensic Science Course Guide | St.Mary's University","56","Check B.Sc. Forensic Science with this course guide using official St.Marys University routes before applying.","110","https://smru.edu.in/admission-guides/bsc-forensic-science-course/","index,follow","en-IN","","BSc Forensic Science Course Guide","1","yes","734","450","17","BreadcrumbList; FAQPage; WebPage","Answer; BreadcrumbList; FAQPage; ListItem; Question; WebPage","3","0","admission-guides/bsc-forensic-science-course/index.html"
"https://smru.edu.in/admission-guides/bsc-llb-hons-course/","/admission-guides/bsc-llb-hons-course/","200","yes","BSc LLB Hons Course Guide | St.Mary's University","48","Check B.Sc. LL.B. Hons. with this course guide using official St.Marys University routes before applying.","105","https://smru.edu.in/admission-guides/bsc-llb-hons-course/","index,follow","en-IN","","BSc LLB Hons Course Guide","1","yes","726","442","17","BreadcrumbList; FAQPage; WebPage","Answer; BreadcrumbList; FAQPage; ListItem; Question; WebPage","3","0","admission-guides/bsc-llb-hons-course/index.html"
"https://smru.edu.in/admission-guides/bsc-nursing-admission-guide/","/admission-guides/bsc-nursing-admission-guide/","200","yes","BSc Nursing Admission Guide Guide | St.Mary's University","56","Check B.Sc. Nursing with this admission checklist using official St.Marys University routes before applying.","108","https://smru.edu.in/admission-guides/bsc-nursing-admission-guide/","index,follow","en-IN","","BSc Nursing Admission Guide Guide","1","yes","721","437","17","BreadcrumbList; FAQPage; WebPage","Answer; BreadcrumbList; FAQPage; ListItem; Question; WebPage","3","0","admission-guides/bsc-nursing-admission-guide/index.html"
"https://smru.edu.in/admission-guides/bsc-nursing-course-hyderabad/","/admission-guides/bsc-nursing-course-hyderabad/","200","yes","BSc Nursing Course In Hyderabad Guide | St.Mary's University","60","Check B.Sc. Nursing with this Hyderabad course guide using official St.Marys University routes before applying.","111","https://smru.edu.in/admission-guides/bsc-nursing-course-hyderabad/","index,follow","en-IN","","BSc Nursing Course In Hyderabad Guide","1","yes","723","439","17","BreadcrumbList; FAQPage; WebPage","Answer; BreadcrumbList; FAQPage; ListItem; Question; WebPage","3","0","admission-guides/bsc-nursing-course-hyderabad/index.html"
"https://smru.edu.in/admission-guides/btech-admissions-guide/","/admission-guides/btech-admissions-guide/","200","yes","BTech Admissions Guide Guide | St.Mary's University","51","Use official St.Marys University routes to verify BTech admissions guide claims before relying on rankings, fees or outcomes.","125","https://smru.edu.in/admission-guides/btech-admissions-guide/","index,follow","en-IN","","BTech Admissions Guide Guide","1","yes","688","404","21","BreadcrumbList; FAQPage; WebPage","Answer; BreadcrumbList; FAQPage; ListItem; Question; WebPage","3","0","admission-guides/btech-admissions-guide/index.html"
"https://smru.edu.in/admission-guides/btech-cse-admission-guide/","/admission-guides/btech-cse-admission-guide/","200","yes","BTech CSE Admission Guide Guide | St.Mary's University","54","Check B.Tech CSE with this admission checklist using official St.Marys University routes before applying.","105","https://smru.edu.in/admission-guides/btech-cse-admission-guide/","index,follow","en-IN","","BTech CSE Admission Guide Guide","1","yes","727","443","17","BreadcrumbList; FAQPage; WebPage","Answer; BreadcrumbList; FAQPage; ListItem; Question; WebPage","3","0","admission-guides/btech-cse-admission-guide/index.html"
"https://smru.edu.in/admission-guides/btech-cse-ai-ds-course/","/admission-guides/btech-cse-ai-ds-course/","200","yes","BTech CSE AI DS Course Guide | St.Mary's University","51","Check B.Tech CSE AI & DS with this course guide using official St.Marys University routes before applying.","106","https://smru.edu.in/admission-guides/btech-cse-ai-ds-course/","index,follow","en-IN","","BTech CSE AI DS Course Guide","1","yes","743","459","17","BreadcrumbList; FAQPage; WebPage","Answer; BreadcrumbList; FAQPage; ListItem; Question; WebPage","3","0","admission-guides/btech-cse-ai-ds-course/index.html"
"https://smru.edu.in/admission-guides/btech-cse-ai-ml-course/","/admission-guides/btech-cse-ai-ml-course/","200","yes","BTech CSE AI ML Course Guide | St.Mary's University","51","Check B.Tech CSE AI & ML with this course guide using official St.Marys University routes before applying.","106","https://smru.edu.in/admission-guides/btech-cse-ai-ml-course/","index,follow","en-IN","","BTech CSE AI ML Course Guide","1","yes","743","459","17","BreadcrumbList; FAQPage; WebPage","Answer; BreadcrumbList; FAQPage; ListItem; Question; WebPage","3","0","admission-guides/btech-cse-ai-ml-course/index.html"
"https://smru.edu.in/admission-guides/btech-cse-course-hyderabad/","/admission-guides/btech-cse-course-hyderabad/","200","yes","BTech CSE Course In Hyderabad Guide | St.Mary's University","58","Check B.Tech CSE with this Hyderabad course guide using official St.Marys University routes before applying.","108","https://smru.edu.in/admission-guides/btech-cse-course-hyderabad/","index,follow","en-IN","","BTech CSE Course In Hyderabad Guide","1","yes","729","445","17","BreadcrumbList; FAQPage; WebPage","Answer; BreadcrumbList; FAQPage; ListItem; Question; WebPage","3","0","admission-guides/btech-cse-course-hyderabad/index.html"
"https://smru.edu.in/admission-guides/btech-rehabilitation-engineering-admission/","/admission-guides/btech-rehabilitation-engineering-admission/","200","yes","BTech Rehabilitation Engineering | St.Mary's University","55","Check B.Tech Rehabilitation Engineering with this admission checklist using official St.Marys University routes before applying.","128","https://smru.edu.in/admission-guides/btech-rehabilitation-engineering-admission/","index,follow","en-IN","","BTech Rehabilitation Engineering Admission Guide","1","yes","732","448","17","BreadcrumbList; FAQPage; WebPage","Answer; BreadcrumbList; FAQPage; ListItem; Question; WebPage","3","0","admission-guides/btech-rehabilitation-engineering-admission/index.html"
"https://smru.edu.in/admission-guides/btech-rehabilitation-engineering-course/","/admission-guides/btech-rehabilitation-engineering-course/","200","yes","BTech Rehabilitation Engineering | St.Mary's University","55","Check B.Tech Rehabilitation Engineering with this course guide using official St.Marys University routes before applying.","121","https://smru.edu.in/admission-guides/btech-rehabilitation-engineering-course/","index,follow","en-IN","","BTech Rehabilitation Engineering Course Guide","1","yes","732","448","17","BreadcrumbList; FAQPage; WebPage","Answer; BreadcrumbList; FAQPage; ListItem; Question; WebPage","3","0","admission-guides/btech-rehabilitation-engineering-course/index.html"
"https://smru.edu.in/admission-guides/cardiovascular-technology-course/","/admission-guides/cardiovascular-technology-course/","200","yes","Cardiovascular Technology Course | St.Mary's University","55","Check Cardiovascular Technology with this course guide using official St.Marys University routes before applying.","113","https://smru.edu.in/admission-guides/cardiovascular-technology-course/","index,follow","en-IN","","Cardiovascular Technology Course Guide","1","yes","728","444","17","BreadcrumbList; FAQPage; WebPage","Answer; BreadcrumbList; FAQPage; ListItem; Question; WebPage","3","0","admission-guides/cardiovascular-technology-course/index.html"
"https://smru.edu.in/admission-guides/clinical-psychology-courses/","/admission-guides/clinical-psychology-courses/","200","yes","Clinical Psychology Courses Guide | St.Mary's University","56","Check Clinical psychology courses with this course guide using official St.Marys University routes before applying.","115","https://smru.edu.in/admission-guides/clinical-psychology-courses/","index,follow","en-IN","","Clinical Psychology Courses Guide","1","yes","733","449","20","BreadcrumbList; FAQPage; WebPage","Answer; BreadcrumbList; FAQPage; ListItem; Question; WebPage","3","0","admission-guides/clinical-psychology-courses/index.html"
"https://smru.edu.in/admission-guides/cse-specialisation-courses/","/admission-guides/cse-specialisation-courses/","200","yes","CSE Specialisation Courses Guide | St.Mary's University","55","Check CSE specialisation courses with this course guide using official St.Marys University routes before applying.","114","https://smru.edu.in/admission-guides/cse-specialisation-courses/","index,follow","en-IN","","CSE Specialisation Courses Guide","1","yes","733","449","20","BreadcrumbList; FAQPage; WebPage","Answer; BreadcrumbList; FAQPage; ListItem; Question; WebPage","3","0","admission-guides/cse-specialisation-courses/index.html"
"https://smru.edu.in/admission-guides/diploma-admissions-2026/","/admission-guides/diploma-admissions-2026/","200","yes","Diploma Admissions 2026 Guide | St.Mary's University","52","Use official St.Marys University routes to verify Diploma admissions 2026 claims before relying on rankings, fees or outcomes.","126","https://smru.edu.in/admission-guides/diploma-admissions-2026/","index,follow","en-IN","","Diploma Admissions 2026 Guide","1","yes","687","403","21","BreadcrumbList; FAQPage; WebPage","Answer; BreadcrumbList; FAQPage; ListItem; Question; WebPage","3","0","admission-guides/diploma-admissions-2026/index.html"
"https://smru.edu.in/admission-guides/direct-admission-smru-checklist/","/admission-guides/direct-admission-smru-checklist/","200","no","Direct Admission St.Marys University | St.Mary's University","59","Use official St.Marys University routes to verify Direct admission St.Marys University claims before relying on rankings, fees or outcomes.","139","https://smru.edu.in/admission-guides/direct-admission-smru-checklist/","noindex,follow","en-IN","","Direct Admission St.Marys University Guide","1","yes","690","406","26","BreadcrumbList; FAQPage; WebPage","Answer; BreadcrumbList; FAQPage; ListItem; Question; WebPage","3","0","admission-guides/direct-admission-smru-checklist/index.html"
"https://smru.edu.in/admission-guides/document-checklist/","/admission-guides/document-checklist/","200","yes","Admission Document Checklist Guide | St.Mary's University","57","Use official St.Marys University routes to verify Admission document checklist claims before relying on rankings, fees or outcomes.","131","https://smru.edu.in/admission-guides/document-checklist/","index,follow","en-IN","","Admission Document Checklist Guide","1","yes","687","403","21","BreadcrumbList; FAQPage; WebPage","Answer; BreadcrumbList; FAQPage; ListItem; Question; WebPage","3","0","admission-guides/document-checklist/index.html"
"https://smru.edu.in/admission-guides/emergency-medical-technology-course/","/admission-guides/emergency-medical-technology-course/","200","yes","Emergency Medical Technology Course | St.Mary's University","58","Check Emergency Medical Technology with this course guide using official St.Marys University routes before applying.","116","https://smru.edu.in/admission-guides/emergency-medical-technology-course/","index,follow","en-IN","","Emergency Medical Technology Course Guide","1","yes","734","450","17","BreadcrumbList; FAQPage; WebPage","Answer; BreadcrumbList; FAQPage; ListItem; Question; WebPage","3","0","admission-guides/emergency-medical-technology-course/index.html"
"https://smru.edu.in/admission-guides/engineering-emerging-technologies-courses/","/admission-guides/engineering-emerging-technologies-courses/","200","yes","Engineering Emerging Technologies | St.Mary's University","56","Check Engineering emerging technologies courses with this course guide using official St.Marys University routes before applying.","129","https://smru.edu.in/admission-guides/engineering-emerging-technologies-courses/","index,follow","en-IN","","Engineering Emerging Technologies Courses Guide","1","yes","738","454","20","BreadcrumbList; FAQPage; WebPage","Answer; BreadcrumbList; FAQPage; ListItem; Question; WebPage","3","0","admission-guides/engineering-emerging-technologies-courses/index.html"
"https://smru.edu.in/admission-guides/fee-confirmation-before-admission/","/admission-guides/fee-confirmation-before-admission/","200","no","Fee Confirmation Before Admission | St.Mary's University","56","Use official St.Marys University routes to verify Fee confirmation before admission claims before relying on rankings, fees or outcomes.","136","https://smru.edu.in/admission-guides/fee-confirmation-before-admission/","noindex,follow","en-IN","","Fee Confirmation Before Admission Guide","1","yes","690","406","21","BreadcrumbList; FAQPage; WebPage","Answer; BreadcrumbList; FAQPage; ListItem; Question; WebPage","3","0","admission-guides/fee-confirmation-before-admission/index.html"
"https://smru.edu.in/admission-guides/health-allied-health-sciences-courses/","/admission-guides/health-allied-health-sciences-courses/","200","yes","Health Allied Health Sciences | St.Mary's University","52","Check Health allied health sciences courses with this course guide using official St.Marys University routes before applying.","125","https://smru.edu.in/admission-guides/health-allied-health-sciences-courses/","index,follow","en-IN","","Health Allied Health Sciences Courses Guide","1","yes","743","459","20","BreadcrumbList; FAQPage; WebPage","Answer; BreadcrumbList; FAQPage; ListItem; Question; WebPage","3","0","admission-guides/health-allied-health-sciences-courses/index.html"
"https://smru.edu.in/admission-guides/health-sciences-admissions-guide/","/admission-guides/health-sciences-admissions-guide/","200","yes","Health Sciences Admissions Guide | St.Mary's University","55","Use official St.Marys University routes to verify Health sciences admissions guide claims before relying on rankings, fees or outcomes.","135","https://smru.edu.in/admission-guides/health-sciences-admissions-guide/","index,follow","en-IN","","Health Sciences Admissions Guide Guide","1","yes","691","407","21","BreadcrumbList; FAQPage; WebPage","Answer; BreadcrumbList; FAQPage; ListItem; Question; WebPage","3","0","admission-guides/health-sciences-admissions-guide/index.html"
"https://smru.edu.in/admission-guides/inclusive-education-courses/","/admission-guides/inclusive-education-courses/","200","yes","Inclusive Education Courses Guide | St.Mary's University","56","Check Inclusive education courses with this course guide using official St.Marys University routes before applying.","115","https://smru.edu.in/admission-guides/inclusive-education-courses/","index,follow","en-IN","","Inclusive Education Courses Guide","1","yes","733","449","20","BreadcrumbList; FAQPage; WebPage","Answer; BreadcrumbList; FAQPage; ListItem; Question; WebPage","3","0","admission-guides/inclusive-education-courses/index.html"
"https://smru.edu.in/admission-guides/integrated-law-courses/","/admission-guides/integrated-law-courses/","200","yes","Integrated Law Courses Guide | St.Mary's University","51","Check Integrated law courses with this course guide using official St.Marys University routes before applying.","110","https://smru.edu.in/admission-guides/integrated-law-courses/","index,follow","en-IN","","Integrated Law Courses Guide","1","yes","733","449","20","BreadcrumbList; FAQPage; WebPage","Answer; BreadcrumbList; FAQPage; ListItem; Question; WebPage","3","0","admission-guides/integrated-law-courses/index.html"
"https://smru.edu.in/admission-guides/law-admissions-guide/","/admission-guides/law-admissions-guide/","200","yes","Law Admissions Guide Guide | St.Mary's University","49","Use official St.Marys University routes to verify Law admissions guide claims before relying on rankings, fees or outcomes.","123","https://smru.edu.in/admission-guides/law-admissions-guide/","index,follow","en-IN","","Law Admissions Guide Guide","1","yes","688","404","21","BreadcrumbList; FAQPage; WebPage","Answer; BreadcrumbList; FAQPage; ListItem; Question; WebPage","3","0","admission-guides/law-admissions-guide/index.html"
"https://smru.edu.in/admission-guides/law-courses/","/admission-guides/law-courses/","200","yes","Law Courses At University Guide | St.Mary's University","54","Check Law courses at university with this course guide using official St.Marys University routes before applying.","113","https://smru.edu.in/admission-guides/law-courses/","index,follow","en-IN","","Law Courses At University Guide","1","yes","738","454","20","BreadcrumbList; FAQPage; WebPage","Answer; BreadcrumbList; FAQPage; ListItem; Question; WebPage","3","0","admission-guides/law-courses/index.html"
"https://smru.edu.in/admission-guides/llb-course-hyderabad/","/admission-guides/llb-course-hyderabad/","200","yes","LLB Course In Hyderabad Guide | St.Mary's University","52","Check LL.B. with this Hyderabad course guide using official St.Marys University routes before applying.","103","https://smru.edu.in/admission-guides/llb-course-hyderabad/","index,follow","en-IN","","LLB Course In Hyderabad Guide","1","yes","717","433","17","BreadcrumbList; FAQPage; WebPage","Answer; BreadcrumbList; FAQPage; ListItem; Question; WebPage","3","0","admission-guides/llb-course-hyderabad/index.html"
"https://smru.edu.in/admission-guides/llb-hons-course/","/admission-guides/llb-hons-course/","200","yes","LLB Hons Course Guide | St.Mary's University","44","Check LL.B. Hons. with this course guide using official St.Marys University routes before applying.","99","https://smru.edu.in/admission-guides/llb-hons-course/","index,follow","en-IN","","LLB Hons Course Guide","1","yes","720","436","17","BreadcrumbList; FAQPage; WebPage","Answer; BreadcrumbList; FAQPage; ListItem; Question; WebPage","3","0","admission-guides/llb-hons-course/index.html"
"https://smru.edu.in/admission-guides/m-psychology-course/","/admission-guides/m-psychology-course/","200","yes","M Psychology Course Guide | St.Mary's University","48","Check M.Psychology with this course guide using official St.Marys University routes before applying.","100","https://smru.edu.in/admission-guides/m-psychology-course/","index,follow","en-IN","","M Psychology Course Guide","1","yes","715","431","17","BreadcrumbList; FAQPage; WebPage","Answer; BreadcrumbList; FAQPage; ListItem; Question; WebPage","3","0","admission-guides/m-psychology-course/index.html"
"https://smru.edu.in/admission-guides/ma-clinical-psychology-course/","/admission-guides/ma-clinical-psychology-course/","200","yes","MA Clinical Psychology Course Guide | St.Mary's University","58","Check M.A. Clinical Psychology with this course guide using official St.Marys University routes before applying.","112","https://smru.edu.in/admission-guides/ma-clinical-psychology-course/","index,follow","en-IN","","MA Clinical Psychology Course Guide","1","yes","726","442","17","BreadcrumbList; FAQPage; WebPage","Answer; BreadcrumbList; FAQPage; ListItem; Question; WebPage","3","0","admission-guides/ma-clinical-psychology-course/index.html"
"https://smru.edu.in/admission-guides/medical-lab-technology-course/","/admission-guides/medical-lab-technology-course/","200","yes","Medical Lab Technology Course Guide | St.Mary's University","58","Check Medical Lab Technology with this course guide using official St.Marys University routes before applying.","110","https://smru.edu.in/admission-guides/medical-lab-technology-course/","index,follow","en-IN","","Medical Lab Technology Course Guide","1","yes","734","450","17","BreadcrumbList; FAQPage; WebPage","Answer; BreadcrumbList; FAQPage; ListItem; Question; WebPage","3","0","admission-guides/medical-lab-technology-course/index.html"
"https://smru.edu.in/admission-guides/mot-course-hyderabad/","/admission-guides/mot-course-hyderabad/","200","yes","MOT Course In Hyderabad Guide | St.Mary's University","52","Check MOT with this Hyderabad course guide using official St.Marys University routes before applying.","101","https://smru.edu.in/admission-guides/mot-course-hyderabad/","index,follow","en-IN","","MOT Course In Hyderabad Guide","1","yes","725","441","17","BreadcrumbList; FAQPage; WebPage","Answer; BreadcrumbList; FAQPage; ListItem; Question; WebPage","3","0","admission-guides/mot-course-hyderabad/index.html"
"https://smru.edu.in/admission-guides/mpo-course-guide/","/admission-guides/mpo-course-guide/","200","yes","MPO Course Guide Guide | St.Mary's University","45","Check MPO with this course guide using official St.Marys University routes before applying.","91","https://smru.edu.in/admission-guides/mpo-course-guide/","index,follow","en-IN","","MPO Course Guide Guide","1","yes","717","433","17","BreadcrumbList; FAQPage; WebPage","Answer; BreadcrumbList; FAQPage; ListItem; Question; WebPage","3","0","admission-guides/mpo-course-guide/index.html"
"https://smru.edu.in/admission-guides/mpt-course-hyderabad/","/admission-guides/mpt-course-hyderabad/","200","yes","MPT Course In Hyderabad Guide | St.Mary's University","52","Check MPT with this Hyderabad course guide using official St.Marys University routes before applying.","101","https://smru.edu.in/admission-guides/mpt-course-hyderabad/","index,follow","en-IN","","MPT Course In Hyderabad Guide","1","yes","725","441","17","BreadcrumbList; FAQPage; WebPage","Answer; BreadcrumbList; FAQPage; ListItem; Question; WebPage","3","0","admission-guides/mpt-course-hyderabad/index.html"
"https://smru.edu.in/admission-guides/msc-audiology-course/","/admission-guides/msc-audiology-course/","200","yes","M.Sc Audiology Course Guide | St.Mary's University","50","Check M.Sc. Audiology with this course guide using official St.Marys University routes before applying.","103","https://smru.edu.in/admission-guides/msc-audiology-course/","index,follow","en-IN","","M.Sc Audiology Course Guide","1","yes","722","438","17","BreadcrumbList; FAQPage; WebPage","Answer; BreadcrumbList; FAQPage; ListItem; Question; WebPage","3","0","admission-guides/msc-audiology-course/index.html"
"https://smru.edu.in/admission-guides/msc-nursing-course-hyderabad/","/admission-guides/msc-nursing-course-hyderabad/","200","yes","MSc Nursing Course In Hyderabad Guide | St.Mary's University","60","Check M.Sc. Nursing with this Hyderabad course guide using official St.Marys University routes before applying.","111","https://smru.edu.in/admission-guides/msc-nursing-course-hyderabad/","index,follow","en-IN","","MSc Nursing Course In Hyderabad Guide","1","yes","723","439","17","BreadcrumbList; FAQPage; WebPage","Answer; BreadcrumbList; FAQPage; ListItem; Question; WebPage","3","0","admission-guides/msc-nursing-course-hyderabad/index.html"
"https://smru.edu.in/admission-guides/nursing-admissions-guide/","/admission-guides/nursing-admissions-guide/","200","yes","Nursing Admissions Guide Guide | St.Mary's University","53","Use official St.Marys University routes to verify Nursing admissions guide claims before relying on rankings, fees or outcomes.","127","https://smru.edu.in/admission-guides/nursing-admissions-guide/","index,follow","en-IN","","Nursing Admissions Guide Guide","1","yes","688","404","21","BreadcrumbList; FAQPage; WebPage","Answer; BreadcrumbList; FAQPage; ListItem; Question; WebPage","3","0","admission-guides/nursing-admissions-guide/index.html"
"https://smru.edu.in/admission-guides/nursing-courses/","/admission-guides/nursing-courses/","200","yes","Nursing Courses At University Guide | St.Mary's University","58","Check Nursing courses at university with this course guide using official St.Marys University routes before applying.","117","https://smru.edu.in/admission-guides/nursing-courses/","index,follow","en-IN","","Nursing Courses At University Guide","1","yes","738","454","20","BreadcrumbList; FAQPage; WebPage","Answer; BreadcrumbList; FAQPage; ListItem; Question; WebPage","3","0","admission-guides/nursing-courses/index.html"
"https://smru.edu.in/admission-guides/optometry-course-hyderabad/","/admission-guides/optometry-course-hyderabad/","200","yes","Optometry Course In Hyderabad Guide | St.Mary's University","58","Check Optometry with this Hyderabad course guide using official St.Marys University routes before applying.","107","https://smru.edu.in/admission-guides/optometry-course-hyderabad/","index,follow","en-IN","","Optometry Course In Hyderabad Guide","1","yes","725","441","17","BreadcrumbList; FAQPage; WebPage","Answer; BreadcrumbList; FAQPage; ListItem; Question; WebPage","3","0","admission-guides/optometry-course-hyderabad/index.html"
"https://smru.edu.in/admission-guides/pg-admissions-2026/","/admission-guides/pg-admissions-2026/","200","yes","PG Admissions 2026 Guide | St.Mary's University","47","Use official St.Marys University routes to verify PG admissions 2026 claims before relying on rankings, fees or outcomes.","121","https://smru.edu.in/admission-guides/pg-admissions-2026/","index,follow","en-IN","","PG Admissions 2026 Guide","1","yes","687","403","21","BreadcrumbList; FAQPage; WebPage","Answer; BreadcrumbList; FAQPage; ListItem; Question; WebPage","3","0","admission-guides/pg-admissions-2026/index.html"
"https://smru.edu.in/admission-guides/pg-diploma-rehabilitation-psychology/","/admission-guides/pg-diploma-rehabilitation-psychology/","200","yes","PG Diploma Rehabilitation Psychology | St.Mary's University","59","Check PG Diploma in Rehabilitation Psychology with this course guide using official St.Marys University routes before applying.","127","https://smru.edu.in/admission-guides/pg-diploma-rehabilitation-psychology/","index,follow","en-IN","","PG Diploma Rehabilitation Psychology Guide","1","yes","736","452","17","BreadcrumbList; FAQPage; WebPage","Answer; BreadcrumbList; FAQPage; ListItem; Question; WebPage","3","0","admission-guides/pg-diploma-rehabilitation-psychology/index.html"
"https://smru.edu.in/admission-guides/phd-next-cycle-updates/","/admission-guides/phd-next-cycle-updates/","200","yes","PhD Next Cycle Updates Guide | St.Mary's University","51","Use official St.Marys University routes to verify PhD next cycle updates claims before relying on rankings, fees or outcomes.","125","https://smru.edu.in/admission-guides/phd-next-cycle-updates/","index,follow","en-IN","","PhD Next Cycle Updates Guide","1","yes","690","406","21","BreadcrumbList; FAQPage; WebPage","Answer; BreadcrumbList; FAQPage; ListItem; Question; WebPage","3","0","admission-guides/phd-next-cycle-updates/index.html"
"https://smru.edu.in/admission-guides/postgraduate-rehabilitation-courses/","/admission-guides/postgraduate-rehabilitation-courses/","200","yes","Postgraduate Rehabilitation Courses | St.Mary's University","58","Check Postgraduate rehabilitation courses with this course guide using official St.Marys University routes before applying.","123","https://smru.edu.in/admission-guides/postgraduate-rehabilitation-courses/","index,follow","en-IN","","Postgraduate Rehabilitation Courses Guide","1","yes","733","449","20","BreadcrumbList; FAQPage; WebPage","Answer; BreadcrumbList; FAQPage; ListItem; Question; WebPage","3","0","admission-guides/postgraduate-rehabilitation-courses/index.html"
"https://smru.edu.in/admission-guides/professional-diploma-clinical-psychology/","/admission-guides/professional-diploma-clinical-psychology/","200","yes","Professional Diploma Clinical | St.Mary's University","52","Check Professional Diploma in Clinical Psychology with this course guide using official St.Marys University routes before applying.","131","https://smru.edu.in/admission-guides/professional-diploma-clinical-psychology/","index,follow","en-IN","","Professional Diploma Clinical Psychology Guide","1","yes","736","452","17","BreadcrumbList; FAQPage; WebPage","Answer; BreadcrumbList; FAQPage; ListItem; Question; WebPage","3","0","admission-guides/professional-diploma-clinical-psychology/index.html"
"https://smru.edu.in/admission-guides/psychology-courses/","/admission-guides/psychology-courses/","200","yes","Psychology Courses At University | St.Mary's University","55","Check Psychology courses at university with this course guide using official St.Marys University routes before applying.","120","https://smru.edu.in/admission-guides/psychology-courses/","index,follow","en-IN","","Psychology Courses At University Guide","1","yes","738","454","20","BreadcrumbList; FAQPage; WebPage","Answer; BreadcrumbList; FAQPage; ListItem; Question; WebPage","3","0","admission-guides/psychology-courses/index.html"
"https://smru.edu.in/admission-guides/radiotherapy-technology-course/","/admission-guides/radiotherapy-technology-course/","200","yes","Radiotherapy Technology Course Guide | St.Mary's University","59","People searching for Radiotherapy Technology course can contact St.Marys University to verify current rehabilitation-linked support before visiting.","148","https://smru.edu.in/admission-guides/radiotherapy-technology-course/","index,follow","en-IN","","Radiotherapy Technology Course Guide","1","yes","745","461","20","BreadcrumbList; FAQPage; WebPage","Answer; BreadcrumbList; FAQPage; ListItem; Question; WebPage","3","0","admission-guides/radiotherapy-technology-course/index.html"
"https://smru.edu.in/admission-guides/refund-withdrawal-questions/","/admission-guides/refund-withdrawal-questions/","200","no","Admission Withdrawal Refund | St.Mary's University","50","Use official St.Marys University routes to verify Admission withdrawal refund questions claims before relying on rankings, fees or outcomes.","140","https://smru.edu.in/admission-guides/refund-withdrawal-questions/","noindex,follow","en-IN","","Admission Withdrawal Refund Questions Guide","1","yes","690","406","21","BreadcrumbList; FAQPage; WebPage","Answer; BreadcrumbList; FAQPage; ListItem; Question; WebPage","3","0","admission-guides/refund-withdrawal-questions/index.html"
"https://smru.edu.in/admission-guides/rehabilitation-sciences-courses/","/admission-guides/rehabilitation-sciences-courses/","200","yes","Rehabilitation Sciences Courses Guide | St.Mary's University","60","Check Rehabilitation sciences courses with this course guide using official St.Marys University routes before applying.","119","https://smru.edu.in/admission-guides/rehabilitation-sciences-courses/","index,follow","en-IN","","Rehabilitation Sciences Courses Guide","1","yes","733","449","20","BreadcrumbList; FAQPage; WebPage","Answer; BreadcrumbList; FAQPage; ListItem; Question; WebPage","3","0","admission-guides/rehabilitation-sciences-courses/index.html"
"https://smru.edu.in/admission-guides/scholarship-eligibility-questions/","/admission-guides/scholarship-eligibility-questions/","200","yes","Scholarship Eligibility Questions | St.Mary's University","56","Use official St.Marys University routes to verify Scholarship eligibility questions claims before relying on rankings, fees or outcomes.","136","https://smru.edu.in/admission-guides/scholarship-eligibility-questions/","index,follow","en-IN","","Scholarship Eligibility Questions Guide","1","yes","687","403","21","BreadcrumbList; FAQPage; WebPage","Answer; BreadcrumbList; FAQPage; ListItem; Question; WebPage","3","0","admission-guides/scholarship-eligibility-questions/index.html"
"https://smru.edu.in/admission-guides/smcet-2026-guide/","/admission-guides/smcet-2026-guide/","200","yes","SMCET 2026 Guide Guide | St.Mary's University","45","Use official St.Marys University routes to verify SMCET 2026 guide claims before relying on rankings, fees or outcomes.","119","https://smru.edu.in/admission-guides/smcet-2026-guide/","index,follow","en-IN","","SMCET 2026 Guide Guide","1","yes","687","403","21","BreadcrumbList; FAQPage; WebPage","Answer; BreadcrumbList; FAQPage; ListItem; Question; WebPage","3","0","admission-guides/smcet-2026-guide/index.html"
"https://smru.edu.in/admission-guides/smru-admissions-2026/","/admission-guides/smru-admissions-2026/","200","yes","St.Marys University Admissions 2026 | St.Mary's University","58","Use official St.Marys University routes to verify St.Marys University admissions 2026 claims before relying on rankings, fees or outcomes.","138","https://smru.edu.in/admission-guides/smru-admissions-2026/","index,follow","en-IN","","St.Marys University Admissions 2026 Guide","1","yes","690","406","26","BreadcrumbList; FAQPage; WebPage","Answer; BreadcrumbList; FAQPage; ListItem; Question; WebPage","3","0","admission-guides/smru-admissions-2026/index.html"
"https://smru.edu.in/admission-guides/smru-entrance-exam/","/admission-guides/smru-entrance-exam/","200","yes","Entrance Exam For St.Marys | St.Mary's University","49","Use official St.Marys University routes to verify Entrance exam for St.Marys University claims before relying on rankings, fees or outcomes.","140","https://smru.edu.in/admission-guides/smru-entrance-exam/","index,follow","en-IN","","Entrance Exam For St.Marys University Guide","1","yes","693","409","26","BreadcrumbList; FAQPage; WebPage","Answer; BreadcrumbList; FAQPage; ListItem; Question; WebPage","3","0","admission-guides/smru-entrance-exam/index.html"
"https://smru.edu.in/admission-guides/ug-admissions-2026/","/admission-guides/ug-admissions-2026/","200","yes","UG Admissions 2026 Guide | St.Mary's University","47","Use official St.Marys University routes to verify UG admissions 2026 claims before relying on rankings, fees or outcomes.","121","https://smru.edu.in/admission-guides/ug-admissions-2026/","index,follow","en-IN","","UG Admissions 2026 Guide","1","yes","687","403","21","BreadcrumbList; FAQPage; WebPage","Answer; BreadcrumbList; FAQPage; ListItem; Question; WebPage","3","0","admission-guides/ug-admissions-2026/index.html"
"https://smru.edu.in/admission-guides/undergraduate-rehabilitation-courses/","/admission-guides/undergraduate-rehabilitation-courses/","200","yes","Undergraduate Rehabilitation Courses | St.Mary's University","59","Check Undergraduate rehabilitation courses with this course guide using official St.Marys University routes before applying.","124","https://smru.edu.in/admission-guides/undergraduate-rehabilitation-courses/","index,follow","en-IN","","Undergraduate Rehabilitation Courses Guide","1","yes","733","449","20","BreadcrumbList; FAQPage; WebPage","Answer; BreadcrumbList; FAQPage; ListItem; Question; WebPage","3","0","admission-guides/undergraduate-rehabilitation-courses/index.html"
"https://smru.edu.in/admission-policy/","/admission-policy/","200","yes","Admission Regulations & Policy | St.Mary's University","53","Official Admission Policy and academic regulations of St.Mary's University, Hyderabad, Telangana, in compliance with UGC guidelines.","132","https://smru.edu.in/admission-policy/","index,follow","en-IN","","Admission Regulations","1","yes","449","165","7","BreadcrumbList; WebPage","BreadcrumbList; ListItem; WebPage","2","0","admission-policy/index.html"
"https://smru.edu.in/admissions/","/admissions/","200","yes","Admissions Open 2026 | St.Mary's University","43","Explore 2026 admissions at St.Mary's University. Compare programmes, eligibility, scholarships, counselling support, and doctoral status before applying.","153","https://smru.edu.in/admissions/","index,follow","en-IN","","Admissions Gateway","1","yes","682","398","8","BreadcrumbList; FAQPage; WebPage","Answer; BreadcrumbList; FAQPage; ListItem; Question; WebPage","3","0","admissions/index.html"
"https://smru.edu.in/anti-ragging/","/anti-ragging/","200","yes","Anti-Ragging Policy & Committee | St.Mary's University","54","Official Anti-Ragging regulations, Zero Tolerance policy, helpline contacts, and committee information for St.Mary's University.","128","https://smru.edu.in/anti-ragging/","index,follow","en-IN","","Anti- Ragging Cell","1","yes","501","217","7","BreadcrumbList; WebPage","BreadcrumbList; ListItem; WebPage","2","0","anti-ragging/index.html"
"https://smru.edu.in/approvals-recognitions/","/approvals-recognitions/","200","yes","Approvals & Recognitions | St.Mary's University","47","Official approvals, recognitions, and regulatory disclosure page for St.Mary's University. Download the university establishment Act and UGC recognition","152","https://smru.edu.in/approvals-recognitions/","index,follow","en-IN","","Approvals & Recognitions","1","yes","870","586","14","BreadcrumbList; WebPage","BreadcrumbList; ListItem; WebPage","2","0","approvals-recognitions/index.html"
"https://smru.edu.in/baslp-college-in-hyderabad/","/baslp-college-in-hyderabad/","200","yes","BASLP Programme in Hyderabad | St.Mary's University","51","Public reference page for St.Mary's University BASLP and speech-hearing science admissions information.","103","https://smru.edu.in/baslp-college-in-hyderabad/","index,follow","en-IN","","BASLP Programme in Hyderabad","1","yes","409","125","8","BreadcrumbList; WebPage","BreadcrumbList; ListItem; WebPage","2","0","baslp-college-in-hyderabad/index.html"
"https://smru.edu.in/bb/","/bb/","200","yes","BlackBucks Partner | St.Mary's University","41","Redirecting to BlackBucks Partner | St.Mary's University.","57","https://smru.edu.in/partner/bb/","noindex,follow","en-IN","","","0","yes","106","0","1","","","0","0","bb/index.html"
"https://smru.edu.in/blackbucks/","/blackbucks/","200","no","BlackBucks | St.Mary's University","33","Redirecting to BlackBucks | St.Mary's University.","49","https://smru.edu.in/bb/","noindex,follow","en-IN","","","0","yes","118","0","1","","","0","0","blackbucks/index.html"
"https://smru.edu.in/brochure/","/brochure/","200","yes","Download Prospectus & Brochure | St.Mary's University","53","Get the official St.Mary's University brochure. Detailed information on courses, campus facilities, and 2026 admission guidelines.","130","https://smru.edu.in/brochure/","index,follow","en-IN","","Download St.Mary's University Flyer","1","yes","347","63","8","","","0","0","brochure/index.html"
"https://smru.edu.in/bytexl/","/bytexl/","200","no","ByteXL | St.Mary's University","29","Redirecting to ByteXL | St.Mary's University.","45","https://smru.edu.in/","noindex,follow","en-IN","","","0","yes","118","0","1","","","0","0","bytexl/index.html"
"https://smru.edu.in/campus-360/","/campus-360/","200","yes","Virtual Campus Tour | St.Mary's University","42","Take a 360-degree virtual tour of the Hyderabad campus. Explore labs, hostel facilities, academic spaces, and campus visit guidance at St.Mary's University.","156","https://smru.edu.in/campus-360/","index,follow","en-IN","","Entry Gate","1","yes","130","99","1","","","0","0","campus-360/index.html"
"https://smru.edu.in/campus-guide/","/campus-guide/","200","no","Campus Guide | St.Mary's University","35","Choose a language and explore the St.Mary's University campus through a guided physical or virtual campus tour.","111","https://smru.edu.in/campus-guide/","index,follow","en-IN","","Campus Guide | St.Mary's University","1","yes","111","5","3","","","0","0","campus-guide/index.html"
"https://smru.edu.in/campus-location-hyderabad/","/campus-location-hyderabad/","200","yes","Campus Location Hyderabad | St.Mary's University","48","Official St.Mary's University Hyderabad campus address, map reference, and visitor location information.","104","https://smru.edu.in/campus-location-hyderabad/","index,follow","en-IN","","Campus Location Hyderabad","1","yes","517","233","9","AboutPage; BreadcrumbList; FAQPage; Place","AboutPage; Answer; BreadcrumbList; FAQPage; GeoCoordinates; ListItem; Place; PostalAddress; Question","4","0","campus-location-hyderabad/index.html"
"https://smru.edu.in/campus-near-ramoji-film-city/","/campus-near-ramoji-film-city/","200","yes","Campus Near Ramoji Film City | St.Mary's University","51","St.Mary's University Deshmukhi Campus location guide and directions near Ramoji Film City, Hyderabad.","101","https://smru.edu.in/campus-near-ramoji-film-city/","index,follow","en-IN","","Campus Near Ramoji Film City","1","yes","482","198","7","BreadcrumbList; WebPage","BreadcrumbList; ListItem; WebPage","2","0","campus-near-ramoji-film-city/index.html"
"https://smru.edu.in/carebridge/","/carebridge/","200","yes","Carebridge Global Healthcare Pathways | St.Mary's University","60","Explore Carebridge healthcare degree programs, international licensing pathways, clinical rotations from Year 1, and career opportunities at St.Mary's","150","https://smru.edu.in/carebridge/","index,follow","en-IN","","Healthcare degrees. Global career pathways.","1","yes","1654","1370","6","BreadcrumbList; WebPage","BreadcrumbList; ListItem; WebPage","2","0","carebridge/index.html"
"https://smru.edu.in/careers/","/careers/","200","yes","Faculty & Staff Careers | St.Mary's University","46","Build your academic career at St.Mary's University. Explore faculty and administrative job openings in Hyderabad.","113","https://smru.edu.in/careers/","index,follow","en-IN","","Careers St.Mary's University","1","yes","455","171","11","","","0","0","careers/index.html"
"https://smru.edu.in/carrer/","/carrer/","200","no","Careers | St.Mary's University","30","Redirecting to Careers | St.Mary's University.","46","https://smru.edu.in/careers/","noindex,follow","en-IN","","","0","yes","284","0","6","","","0","0","carrer/index.html"
"https://smru.edu.in/contact-directory/","/contact-directory/","200","yes","Contact Directory | St.Mary's University","40","Official contact directory for departments, administration, admissions, and support.","84","https://smru.edu.in/contact-directory/","index,follow","en-IN","","Contact Directory","1","yes","421","137","6","BreadcrumbList; ContactPage; WebPage","BreadcrumbList; ContactPage; ListItem; WebPage","3","0","contact-directory/index.html"
"https://smru.edu.in/contact/","/contact/","200","yes","Contact Us | St.Mary's University","33","Reach out to the St.Mary's University admissions team. Find campus location, corporate office visit address at LB Nagar, map, and contact directory.","148","https://smru.edu.in/contact/","index,follow","en-IN","","Contact St.Mary's University","1","yes","701","417","12","BreadcrumbList; ContactPage; FAQPage","Answer; BreadcrumbList; ContactPage; FAQPage; ListItem; Question","3","0","contact/index.html"
"https://smru.edu.in/ctpl/","/ctpl/","200","no","Apply | St.Mary's University","28","Redirecting to Apply | St.Mary's University.","44","https://smru.edu.in/","noindex,follow","en-IN","","","0","yes","284","0","6","","","0","0","ctpl/index.html"
"https://smru.edu.in/departments/","/departments/","200","yes","Departments | St.Mary's University","34","Browse the public department directory for St.Mary's University schools and academic pathways.","94","https://smru.edu.in/departments/","index,follow","en-IN","","Departments","1","yes","694","410","9","BreadcrumbList; CollectionPage","BreadcrumbList; CollectionPage; ListItem","2","0","departments/index.html"
"https://smru.edu.in/departments/allied-health-sciences/","/departments/allied-health-sciences/","200","no","Allied Health Technologies | St.Mary's University","49","Explore department programs at St.Mary's University.","52","https://smru.edu.in/schools/health-allied-health-sciences/allied-health-sciences/","noindex,follow","en-IN","","","0","yes","284","0","6","","","0","0","departments/allied-health-sciences/index.html"
"https://smru.edu.in/departments/applied-psychology-behavioural-health/","/departments/applied-psychology-behavioural-health/","200","no","Applied Psychology & Behavioral | St.Mary's University","54","Focuses on the practical application of psychological science in corporate, educational, and digital spaces. Students learn to use behavioral metrics to","152","https://smru.edu.in/schools/psychology/applied-psychology-behavioural-health/","noindex,follow","en-IN","","","0","yes","284","0","6","","","0","0","departments/applied-psychology-behavioural-health/index.html"
"https://smru.edu.in/departments/audiology-speech-sciences/","/departments/audiology-speech-sciences/","200","no","Audiology & Speech-Language Pathology | St.Mary's University","60","Explore department programs at St.Mary's University.","52","https://smru.edu.in/schools/rehabilitation-sciences/audiology-speech-sciences/","noindex,follow","en-IN","","","0","yes","284","0","6","","","0","0","departments/audiology-speech-sciences/index.html"
"https://smru.edu.in/departments/business-administration-computer-applications/","/departments/business-administration-computer-applications/","200","no","Business Administration & Computer | St.Mary's University","57","Explore department programs at St.Mary's University.","52","https://smru.edu.in/schools/engineering-emerging-technologies/business-administration-computer-applications/","noindex,follow","en-IN","","","0","yes","284","0","6","","","0","0","departments/business-administration-computer-applications/index.html"
"https://smru.edu.in/departments/clinical-psychology/","/departments/clinical-psychology/","200","no","Clinical Psychology | St.Mary's University","42","The Department of Clinical Psychology focuses on the science of diagnosing and managing mental health disorders through direct clinical exposure. Students","154","https://smru.edu.in/schools/psychology/clinical-psychology/","noindex,follow","en-IN","","","0","yes","284","0","6","","","0","0","departments/clinical-psychology/index.html"
"https://smru.edu.in/departments/computer-science-engineering/","/departments/computer-science-engineering/","200","no","Computer Science & Engineering | St.Mary's University","53","Explore department programs at St.Mary's University.","52","https://smru.edu.in/schools/engineering-emerging-technologies/computer-science-engineering/","noindex,follow","en-IN","","","0","yes","284","0","6","","","0","0","departments/computer-science-engineering/index.html"
"https://smru.edu.in/departments/inclusive-education/","/departments/inclusive-education/","200","no","Special & Inclusive Education | St.Mary's University","52","Explore department programs at St.Mary's University.","52","https://smru.edu.in/schools/rehabilitation-sciences/inclusive-education/","noindex,follow","en-IN","","","0","yes","284","0","6","","","0","0","departments/inclusive-education/index.html"
"https://smru.edu.in/departments/legal-studies/","/departments/legal-studies/","200","no","Law | St.Mary's University","26","Explore department programs at St.Mary's University.","52","https://smru.edu.in/schools/law/legal-studies/","noindex,follow","en-IN","","","0","yes","284","0","6","","","0","0","departments/legal-studies/index.html"
"https://smru.edu.in/departments/nursing/","/departments/nursing/","200","no","Nursing | St.Mary's University","30","Explore department programs at St.Mary's University.","52","https://smru.edu.in/schools/nursing-sciences/nursing/","noindex,follow","en-IN","","","0","yes","284","0","6","","","0","0","departments/nursing/index.html"
"https://smru.edu.in/departments/occupational-therapy/","/departments/occupational-therapy/","200","no","Occupational Therapy | St.Mary's University","43","This department focuses on restoring functional independence through activity-based therapy. Students learn to analyze life-skills and physical task","148","https://smru.edu.in/schools/health-allied-health-sciences/occupational-therapy/","noindex,follow","en-IN","","","0","yes","284","0","6","","","0","0","departments/occupational-therapy/index.html"
"https://smru.edu.in/departments/physiotherapy/","/departments/physiotherapy/","200","no","Physiotherapy | St.Mary's University","36","Dedicated to the science of restorative movement and physical well-being. Students engage in manual therapy practice and use advanced mobilization technologies","159","https://smru.edu.in/schools/health-allied-health-sciences/physiotherapy/","noindex,follow","en-IN","","","0","yes","284","0","6","","","0","0","departments/physiotherapy/index.html"
"https://smru.edu.in/departments/prosthetics-orthotics/","/departments/prosthetics-orthotics/","200","no","Prosthetics Orthotics | St.Mary's University","44","Explore department programs at St.Mary's University.","52","https://smru.edu.in/schools/rehabilitation-sciences/prosthetics-orthotics/","noindex,follow","en-IN","","","0","yes","284","0","6","","","0","0","departments/prosthetics-orthotics/index.html"
"https://smru.edu.in/departments/rehabilitation-engineering-assistive-technologies/","/departments/rehabilitation-engineering-assistive-technologies/","200","no","Rehabilitation Engineering | St.Mary's University","49","Explore department programs at St.Mary's University.","52","https://smru.edu.in/schools/engineering-emerging-technologies/rehabilitation-engineering-assistive-technologies/","noindex,follow","en-IN","","","0","yes","284","0","6","","","0","0","departments/rehabilitation-engineering-assistive-technologies/index.html"
"https://smru.edu.in/departments/rehabilitation-psychology/","/departments/rehabilitation-psychology/","200","no","Rehabilitation Psychology | St.Mary's University","48","This department specializes in helping individuals with chronic disabilities adapt to cognitive and physical challenges. Training focuses on vocational","151","https://smru.edu.in/schools/psychology/rehabilitation-psychology/","noindex,follow","en-IN","","","0","yes","284","0","6","","","0","0","departments/rehabilitation-psychology/index.html"
"https://smru.edu.in/departments/sciences-humanities/","/departments/sciences-humanities/","200","no","Sciences & Humanities | St.Mary's University","44","Explore department programs at St.Mary's University.","52","https://smru.edu.in/schools/engineering-emerging-technologies/sciences-humanities/","noindex,follow","en-IN","","","0","yes","284","0","6","","","0","0","departments/sciences-humanities/index.html"
"https://smru.edu.in/edinbox/","/edinbox/","200","no","Edinbox | St.Mary's University","30","Redirecting to Edinbox | St.Mary's University.","46","https://smru.edu.in/partner/edinbox/","noindex,follow","en-IN","","","0","yes","118","0","1","","","0","0","edinbox/index.html"
"https://smru.edu.in/edridge/","/edridge/","200","no","Edridge Partner | St.Mary's University","38","Redirecting to Edridge Partner | St.Mary's University.","54","https://smru.edu.in/partner/edridge/","noindex,follow","en-IN","","","0","yes","118","0","1","","","0","0","edridge/index.html"
"https://smru.edu.in/emversity/","/emversity/","200","no","Emversity Partner | St.Mary's University","40","Redirecting to Emversity Partner | St.Mary's University.","56","https://smru.edu.in/partner/emversity/","noindex,follow","en-IN","","","0","yes","118","0","1","","","0","0","emversity/index.html"
"https://smru.edu.in/engineering-emerging-technologies/","/engineering-emerging-technologies/","200","yes","School of Engineering & Emerging | St.Mary's University","55","Programs in rehabilitation engineering, assistive technologies, computer science, artificial intelligence, machine learning, and data science as shown in the","157","https://smru.edu.in/engineering-emerging-technologies/","index,follow","en-IN","","School of Engineering & Emerging Technologies","1","yes","709","425","6","BreadcrumbList; ItemList; WebPage","BreadcrumbList; ItemList; ListItem; WebPage","3","0","engineering-emerging-technologies/index.html"
"https://smru.edu.in/entrancetest/","/entrancetest/","200","no","Entrance Exam Updates | St.Mary's University","44","Redirect to the official page for future St.Mary's University entrance exam announcements.","90","https://smru.edu.in/exam-notification/","noindex,follow","en-IN","","","0","yes","284","0","6","","","0","0","entrancetest/index.html"
"https://smru.edu.in/events/","/events/","200","no","University Events | St.Mary's University","40","Explore campus events, institutional initiatives, and student activities at St.Mary's University in Hyderabad.","110","https://smru.edu.in/events/","index,follow","en-IN","","University Events","1","yes","439","155","9","ItemList","ItemList; ListItem","1","0","events/index.html"
"https://smru.edu.in/exam-notification/","/exam-notification/","200","yes","Entrance Exam Updates | St.Mary's University","44","No university entrance exam is currently announced. Future exam dates, eligibility, applications and official instructions will be published here.","146","https://smru.edu.in/exam-notification/","index,follow","en-IN","","Entrance Exam Announcement","1","yes","373","89","7","BreadcrumbList; FAQPage; WebPage","Answer; BreadcrumbList; FAQPage; ListItem; Question; WebPage","3","0","exam-notification/index.html"
"https://smru.edu.in/explore-smru/","/explore-smru/","200","no","Explore St.Mary's University","28","Redirecting to Explore St.Mary's University.","44","https://smru.edu.in/explore-Stmarys/","noindex,follow","en-IN","","","0","yes","284","0","6","","","0","0","explore-smru/index.html"
"https://smru.edu.in/explore-stmarys/","/explore-stmarys/","200","no","Explore St.Mary's University","28","Redirecting to Explore St.Mary's University.","44","https://smru.edu.in/campus-guide/","noindex,follow","en-IN","","","0","yes","284","0","6","","","0","0","explore-stmarys/index.html"
"https://smru.edu.in/explore/","/explore/","200","no","Explore St.Mary's University","28","Explore the St.Mary's University campus, programmes, student life, visitor information, and key website sections.","113","https://smru.edu.in/explore/","index,follow","en-IN","","Explore SMRU","2","yes","975","869","1","","","0","0","explore/index.html"
"https://smru.edu.in/explore/hostel-360/","/explore/hostel-360/","200","no","Hostel 360° Virtual Tour | St.Mary's University","47","Experience the state-of-the-art Student Hostel at St.Mary's University in an interactive 360° tour. Explore fully high-end rooms, study stations, vanity","152","https://smru.edu.in/explore/hostel-360/","index,follow","en-IN","","High-End Hostel & Residential Living","1","yes","660","554","1","","","0","0","explore/hostel-360/index.html"
"https://smru.edu.in/faculty-directory/","/faculty-directory/","200","yes","Faculty Directory | St.Mary's University","40","Faculty directory status and public release page for St.Mary's University academic departments.","95","https://smru.edu.in/faculty-directory/","index,follow","en-IN","","Faculty Directory","1","yes","401","117","7","BreadcrumbList; WebPage","BreadcrumbList; ListItem; WebPage","2","0","faculty-directory/index.html"
"https://smru.edu.in/fee-structure/","/fee-structure/","200","yes","Fee Structure | St.Mary's University","36","Academic fee structure information page for St.Mary's University.","65","https://smru.edu.in/fee-structure/","index,follow","en-IN","","Fee Structure","1","yes","670","386","7","BreadcrumbList; FAQPage; WebPage","Answer; BreadcrumbList; FAQPage; ListItem; Question; WebPage","3","0","fee-structure/index.html"
"https://smru.edu.in/first-academic-year-disclosures/","/first-academic-year-disclosures/","200","no","University Academic Cycle Disclosure | St.Mary's University","59","Verified status note for first university-cycle disclosures such as alumni, placements, annual reports, audited accounts, NAAC, and NIRF outputs.","145","https://smru.edu.in/first-academic-year-disclosures/","index,follow","en-IN","","University Academic Cycle Disclosure Note","1","yes","560","276","11","BreadcrumbList; FAQPage; WebPage","Answer; BreadcrumbList; FAQPage; ListItem; Question; WebPage","3","0","first-academic-year-disclosures/index.html"
"https://smru.edu.in/google6dae2ac571d34510.html","/google6dae2ac571d34510.html","200","no","","0","","0","","","","","","0","no","2","","0","","","0","0","google6dae2ac571d34510.html"
"https://smru.edu.in/grievance-redressal/","/grievance-redressal/","200","no","Grievance Redressal Cell | St.Mary's University","47","Official Grievance Redressal Cell and feedback mechanism at St.Mary's University, complying with UGC regulations.","113","https://smru.edu.in/grievance-redressal/","index,follow","en-IN","","Grievance Redressal Cell","1","yes","461","177","7","BreadcrumbList; WebPage","BreadcrumbList; ListItem; WebPage","2","0","grievance-redressal/index.html"
"https://smru.edu.in/guides/best-allied-health-sciences-college-in-hyderabad/","/guides/best-allied-health-sciences-college-in-hyderabad/","200","yes","Best Allied Health Sciences College | St.Mary's University","58","Compare allied health sciences courses in Hyderabad through eligibility, practical learning, admissions, and official verification.","131","https://smru.edu.in/guides/best-allied-health-sciences-college-in-hyderabad/","index,follow","en-IN","","Best Allied Health Sciences College in Hyderabad: Student Comparison Guide","1","yes","1101","817","14","BreadcrumbList; FAQPage; WebPage","Answer; BreadcrumbList; FAQPage; ListItem; Question; WebPage","3","0","guides/best-allied-health-sciences-college-in-hyderabad/index.html"
"https://smru.edu.in/guides/best-college-near-ramoji-film-city/","/guides/best-college-near-ramoji-film-city/","200","yes","Best College Near Ramoji Film City | St.Mary's University","57","A location-intent guide for students searching for colleges or universities near Ramoji Film City and Hyderabad.","112","https://smru.edu.in/guides/best-college-near-ramoji-film-city/","index,follow","en-IN","","Best College Near Ramoji Film City: Location & Admissions Checklist","1","yes","1095","811","14","BreadcrumbList; FAQPage; WebPage","Answer; BreadcrumbList; FAQPage; ListItem; Question; WebPage","3","0","guides/best-college-near-ramoji-film-city/index.html"
"https://smru.edu.in/guides/best-engineering-college-for-emerging-technologies-in-hyderabad/","/guides/best-engineering-college-for-emerging-technologies-in-hyderabad/","200","yes","Best Engineering College for | St.Mary's University","51","Compare emerging technology and engineering courses in Hyderabad for AI, data science, cyber security, and career-focused learning.","131","https://smru.edu.in/guides/best-engineering-college-for-emerging-technologies-in-hyderabad/","index,follow","en-IN","","Best Engineering College for Emerging Technologies in Hyderabad: Compare Safely","1","yes","1101","817","14","BreadcrumbList; FAQPage; WebPage","Answer; BreadcrumbList; FAQPage; ListItem; Question; WebPage","3","0","guides/best-engineering-college-for-emerging-technologies-in-hyderabad/index.html"
"https://smru.edu.in/guides/best-law-college-in-hyderabad/","/guides/best-law-college-in-hyderabad/","200","yes","Best Law College in Hyderabad: How | St.Mary's University","57","Compare law colleges in Hyderabad using curriculum, moot court exposure, internships, eligibility, admissions, and official verification.","137","https://smru.edu.in/guides/best-law-college-in-hyderabad/","index,follow","en-IN","","Best Law College in Hyderabad: How Students Should Compare","1","yes","1089","805","14","BreadcrumbList; FAQPage; WebPage","Answer; BreadcrumbList; FAQPage; ListItem; Question; WebPage","3","0","guides/best-law-college-in-hyderabad/index.html"
"https://smru.edu.in/guides/best-mba-college-in-hyderabad/","/guides/best-mba-college-in-hyderabad/","200","yes","Best MBA College in Hyderabad | St.Mary's University","52","Compare MBA and management course options in Hyderabad using curriculum, career support, eligibility, admissions, and official verification.","140","https://smru.edu.in/guides/best-mba-college-in-hyderabad/","index,follow","en-IN","","Best MBA College in Hyderabad: Management Admissions Checklist","1","yes","1086","802","14","BreadcrumbList; FAQPage; WebPage","Answer; BreadcrumbList; FAQPage; ListItem; Question; WebPage","3","0","guides/best-mba-college-in-hyderabad/index.html"
"https://smru.edu.in/guides/best-pharmacy-college-in-hyderabad/","/guides/best-pharmacy-college-in-hyderabad/","200","yes","Best Pharmacy College in Hyderabad | St.Mary's University","57","Compare pharmacy course options in Hyderabad using eligibility, duration, professional requirements, fee guidance, and official verification.","141","https://smru.edu.in/guides/best-pharmacy-college-in-hyderabad/","index,follow","en-IN","","Best Pharmacy College in Hyderabad: Course & Admissions Checklist","1","yes","1085","801","14","BreadcrumbList; FAQPage; WebPage","Answer; BreadcrumbList; FAQPage; ListItem; Question; WebPage","3","0","guides/best-pharmacy-college-in-hyderabad/index.html"
"https://smru.edu.in/guides/best-private-university-in-hyderabad/","/guides/best-private-university-in-hyderabad/","200","yes","Best Private University in | St.Mary's University","49","Compare private universities in Hyderabad using recognition, courses, eligibility, fee guidance, campus, and admissions verification.","133","https://smru.edu.in/guides/best-private-university-in-hyderabad/","index,follow","en-IN","","Best Private University in Hyderabad: What Students Should Verify","1","yes","1060","776","14","BreadcrumbList; FAQPage; WebPage","Answer; BreadcrumbList; FAQPage; ListItem; Question; WebPage","3","0","guides/best-private-university-in-hyderabad/index.html"
"https://smru.edu.in/guides/best-rehabilitation-university-in-hyderabad/","/guides/best-rehabilitation-university-in-hyderabad/","200","yes","Best Rehabilitation University in | St.Mary's University","56","Compare rehabilitation universities and courses in Hyderabad using recognition, clinical learning, eligibility, and official verification.","138","https://smru.edu.in/guides/best-rehabilitation-university-in-hyderabad/","index,follow","en-IN","","Best Rehabilitation University in Hyderabad: What to Check First","1","yes","1085","801","14","BreadcrumbList; FAQPage; WebPage","Answer; BreadcrumbList; FAQPage; ListItem; Question; WebPage","3","0","guides/best-rehabilitation-university-in-hyderabad/index.html"
"https://smru.edu.in/guides/best-university-in-hyderabad/","/guides/best-university-in-hyderabad/","200","yes","Best University in Hyderabad | St.Mary's University","51","Compare universities in Hyderabad using recognition, courses, admissions, eligibility, fee guidance, campus, career-focused learning, and official verification.","160","https://smru.edu.in/guides/best-university-in-hyderabad/","index,follow","en-IN","","Best University in Hyderabad: Student Comparison Guide","1","yes","1058","774","14","BreadcrumbList; FAQPage; WebPage","Answer; BreadcrumbList; FAQPage; ListItem; Question; WebPage","3","0","guides/best-university-in-hyderabad/index.html"
"https://smru.edu.in/guides/best-university-in-telangana-for-career-focused-courses/","/guides/best-university-in-telangana-for-career-focused-courses/","200","yes","Best University in Telangana for | St.Mary's University","55","Compare career-focused university courses in Telangana using curriculum, practical learning, admissions, and official verification.","131","https://smru.edu.in/guides/best-university-in-telangana-for-career-focused-courses/","index,follow","en-IN","","Best University in Telangana for Career-Focused Courses: How to Compare","1","yes","1069","785","14","BreadcrumbList; FAQPage; WebPage","Answer; BreadcrumbList; FAQPage; ListItem; Question; WebPage","3","0","guides/best-university-in-telangana-for-career-focused-courses/index.html"
"https://smru.edu.in/guides/top-university-in-hyderabad-for-admissions/","/guides/top-university-in-hyderabad-for-admissions/","200","yes","Top University in Hyderabad for | St.Mary's University","54","A safe admissions checklist for students comparing universities in Hyderabad for 2026 applications.","99","https://smru.edu.in/guides/top-university-in-hyderabad-for-admissions/","index,follow","en-IN","","Top University in Hyderabad for Admissions: Student Checklist","1","yes","1059","775","14","BreadcrumbList; FAQPage; WebPage","Answer; BreadcrumbList; FAQPage; ListItem; Question; WebPage","3","0","guides/top-university-in-hyderabad-for-admissions/index.html"
"https://smru.edu.in/Hand-Book/","/Hand-Book/","200","no","Handbook | St.Mary's University","31","View and download the official St. Mary's University Handbook.","62","https://smru.edu.in/Hand-Book/","index,follow","en-IN","","University Handbook","1","yes","308","24","6","","","0","0","Hand-Book/index.html"
"https://smru.edu.in/health-allied-health-sciences/","/health-allied-health-sciences/","200","yes","School of Health & Allied Health | St.Mary's University","55","The School of Health and Allied Health Sciences at St.Mary's University is a multidisciplinary center of excellence dedicated to training health and allied","155","https://smru.edu.in/health-allied-health-sciences/","index,follow","en-IN","","School of Health & Allied Health Sciences","1","yes","998","714","8","BreadcrumbList; ItemList; WebPage","BreadcrumbList; ItemList; ListItem; WebPage","3","0","health-allied-health-sciences/index.html"
"https://smru.edu.in/hostel-360/","/hostel-360/","200","no","Hostel 360° Virtual Tour | St.Mary's University","47","Explore the Student Hostel at St.Mary's University in 360°. View personal study suites, luxury vanity stations, and segregated wet & dry washrooms.","147","https://smru.edu.in/hostel-360/","index,follow","en-IN","","High-End Hostel & Residential Living","1","yes","838","554","6","","","0","0","hostel-360/index.html"
"https://smru.edu.in/hostel/","/hostel/","200","yes","Hostel Facilities | St.Mary's University","40","Public hostel facility information for students at St.Mary's University.","72","https://smru.edu.in/hostel/","index,follow","en-IN","","Hostel Facilities","1","yes","502","218","7","BreadcrumbList; FAQPage; WebPage","Answer; BreadcrumbList; FAQPage; ListItem; Question; WebPage","3","0","hostel/index.html"
"https://smru.edu.in/html-sitemap/","/html-sitemap/","200","yes","HTML Sitemap | St.Mary's University","35","Browse the main academic, admissions, campus, governance, and support pages on the St.Mary's University website.","112","https://smru.edu.in/html-sitemap/","index,follow","en-IN","","HTML Sitemap","1","yes","331","47","7","","","0","0","html-sitemap/index.html"
"https://smru.edu.in/iiat/","/iiat/","200","no","IIAT Partner | St.Mary's University","35","Redirecting to IIAT Partner | St.Mary's University.","51","https://smru.edu.in/partner/iiat/","noindex,follow","en-IN","","","0","yes","284","0","6","","","0","0","iiat/index.html"
"https://smru.edu.in/iqac-quality-assurance/","/iqac-quality-assurance/","200","no","IQAC & Quality Assurance | St.Mary's University","47","Official portal of the Internal Quality Assurance Cell (IQAC) at St.Mary's University, managing quality standards and NAAC compliance.","134","https://smru.edu.in/iqac-quality-assurance/","index,follow","en-IN","","Internal Quality Assurance Cell (IQAC)","1","yes","394","110","7","BreadcrumbList; WebPage","BreadcrumbList; ListItem; WebPage","2","0","iqac-quality-assurance/index.html"
"https://smru.edu.in/iqac/","/iqac/","404","yes","","0","","0","","","","","","0","no","0","","0","","","0","0",""
"https://smru.edu.in/ist/","/ist/","200","no","IST Partner | St.Mary's University","34","Redirecting to IST Partner | St.Mary's University.","50","https://smru.edu.in/partners/ist/index.html","noindex,follow","en-IN","","","0","yes","284","0","6","","","0","0","ist/index.html"
"https://smru.edu.in/landing/law/","/landing/law/","200","no","School of Law Admissions | St.Mary's University","47","Explore the School of Law at St.Mary's University, Hyderabad with LL.B., integrated LL.B. (Hons.), LL.M., Ph.D. in Law, moot court training, legal aid, legal","157","https://smru.edu.in/landing/law/","index,follow","en-IN","","School of Law Admissions","1","yes","1067","1036","10","FAQPage","Answer; FAQPage; Question","1","0","landing/law/index.html"
"https://smru.edu.in/law/","/law/","200","yes","School of Law | St.Mary's University","36","Explore the School of Law at St.Mary's University, Hyderabad with integrated law programmes, LL.B., moot court, legal aid, legal research, and admissions.","154","https://smru.edu.in/law/","index,follow","en-IN","","School of Law","1","yes","1397","1113","12","BreadcrumbList; EducationalOrganization; ItemList; WebPage","BreadcrumbList; Course; EducationalOrganization; ItemList; ListItem; Offer; OfferCatalog; PostalAddress; WebPage","4","0","law/index.html"
"https://smru.edu.in/leadership/","/leadership/","200","no","Leadership | St.Mary's University","33","Explore the leadership team guiding St.Mary's University.","57","https://smru.edu.in/leadership/","index,follow","en-IN","","Leadership","1","yes","334","50","7","","","0","0","leadership/index.html"
"https://smru.edu.in/leadership/all/","/leadership/all/","200","yes","Leadership | St.Mary's University","33","Meet the leaders, governing council, and academic teams steering St.Mary's University.","86","https://smru.edu.in/leadership/all/","index,follow","en-IN","","About St.Mary's University","1","yes","1443","1159","27","","","0","0","leadership/all/index.html"
"https://smru.edu.in/leadership/ceo/","/leadership/ceo/","200","yes","Mr. K. Sri Harsha | St.Mary's University","40","Mr. K. Sri Harsha — Secretary & CEO at St.Mary's University.","60","https://smru.edu.in/leadership/ceo/","index,follow","en-IN","","Mr. K. Sri Harsha","1","yes","316","32","6","","","0","0","leadership/ceo/index.html"
"https://smru.edu.in/leadership/co-founder/","/leadership/co-founder/","200","yes","Smt. C.V.N.V Bharathi | St.Mary's University","44","Smt. C.V.N.V Bharathi — Co-Founder & Pro-Chancellor at St.Mary's University.","76","https://smru.edu.in/leadership/co-founder/","index,follow","en-IN","","Smt. C.V.N.V Bharathi","1","yes","315","31","7","","","0","0","leadership/co-founder/index.html"
"https://smru.edu.in/leadership/founder/","/leadership/founder/","200","yes","Dr. K.V.K. Rao | St.Mary's University","37","Dr. K.V.K. Rao — Founder, Chairman & Chancellor at St.Mary's University.","72","https://smru.edu.in/leadership/founder/","index,follow","en-IN","","Dr. K.V.K. Rao","1","yes","319","35","7","","","0","0","leadership/founder/index.html"
"https://smru.edu.in/leadership/joint-secretary/","/leadership/joint-secretary/","200","yes","Smt. K. Indu Aparna | St.Mary's University","42","Smt. K. Indu Aparna — Joint Secretary & COO at St.Mary's University.","68","https://smru.edu.in/leadership/joint-secretary/","index,follow","en-IN","","Smt. K. Indu Aparna","1","yes","317","33","6","","","0","0","leadership/joint-secretary/index.html"
"https://smru.edu.in/leadership/treasurer/","/leadership/treasurer/","200","yes","Smt. K. Indraja | St.Mary's University","38","Smt. K. Indraja — Treasurer & CFO at St.Mary's University.","58","https://smru.edu.in/leadership/treasurer/","index,follow","en-IN","","Smt. K. Indraja","1","yes","313","29","6","","","0","0","leadership/treasurer/index.html"
"https://smru.edu.in/leadership/vice-chancellor/","/leadership/vice-chancellor/","200","yes","Lt Gen Pradeep Chandran Nair (PVSM | St.Mary's University","57","Lt Gen Pradeep Chandran Nair (PVSM, AVSM, YSM) — Vice-Chancellor at St.Mary's University.","89","https://smru.edu.in/leadership/vice-chancellor/","index,follow","en-IN","","Lt Gen Pradeep Chandran Nair (PVSM, AVSM, YSM)","1","yes","313","29","6","","","0","0","leadership/vice-chancellor/index.html"
"https://smru.edu.in/llm/","/llm/","200","no","Page Moved | St.Mary's University","33","This older LL.M. Law URL has moved to the current School of Law page.","69","https://smru.edu.in/law/","noindex,follow","en-IN","","Page Has Moved","1","yes","317","33","6","","","0","0","llm/index.html"
"https://smru.edu.in/maintenance.html","/maintenance.html","200","no","Under Maintenance | St. Mary's University","41","","0","","noindex,follow","en","","Site Update in Progress","1","no","37","37","0","","","0","0","maintenance.html"
"https://smru.edu.in/mandatory-disclosure/","/mandatory-disclosure/","200","yes","Mandatory Disclosure | St.Mary's University","43","Official public mandatory self-disclosure portal of St.Mary's University, Hyderabad, Telangana, maintaining institutional compliance with the UGC Regulations.","158","https://smru.edu.in/mandatory-disclosure/","index,follow","en-IN","","Mandatory Disclosure","1","yes","413","129","7","BreadcrumbList; WebPage","BreadcrumbList; ListItem; WebPage","2","0","mandatory-disclosure/index.html"
"https://smru.edu.in/mandatory-disclosure/contact/","/mandatory-disclosure/contact/","404","yes","","0","","0","","","","","","0","no","0","","0","","","0","0",""
"https://smru.edu.in/mandatory-disclosure/first-academic-year-disclosure/","/mandatory-disclosure/first-academic-year-disclosure/","404","yes","","0","","0","","","","","","0","no","0","","0","","","0","0",""
"https://smru.edu.in/mandatory-disclosure/public-information/","/mandatory-disclosure/public-information/","404","yes","","0","","0","","","","","","0","no","0","","0","","","0","0",""
"https://smru.edu.in/mandatory-disclosure/statutory-disclosures/","/mandatory-disclosure/statutory-disclosures/","404","yes","","0","","0","","","","","","0","no","0","","0","","","0","0",""
"https://smru.edu.in/mandatory-disclosure/ugc-disclosure/","/mandatory-disclosure/ugc-disclosure/","404","yes","","0","","0","","","","","","0","no","0","","0","","","0","0",""
"https://smru.edu.in/mjiollnir/","/mjiollnir/","200","no","Mjiollnir Partner | St.Mary's University","40","Redirecting to Mjiollnir Partner | St.Mary's University.","56","https://smru.edu.in/partner/mjiollnir/","noindex,follow","en-IN","","","0","yes","118","0","1","","","0","0","mjiollnir/index.html"
"https://smru.edu.in/naac/","/naac/","200","no","NAAC Quality-Cycle Readiness | St.Mary's University","51","NAAC quality-cycle readiness information for St.Mary's University.","66","https://smru.edu.in/naac/","index,follow","en-IN","","NAAC Quality-Cycle Readiness","1","yes","504","220","11","BreadcrumbList; WebPage","BreadcrumbList; ListItem; WebPage","2","0","naac/index.html"
"https://smru.edu.in/niat-upskilling/","/niat-upskilling/","200","yes","NIAT Upskilling | St.Mary's University","38","Explore the NIAT Upskilling route published on the St.Mary's University website.","80","https://smru.edu.in/niat-upskilling/","index,follow","en-IN","","NIAT Upskilling | St.Mary's University","1","yes","114","8","3","","","0","0","niat-upskilling/index.html"
"https://smru.edu.in/niat/","/niat/","200","yes","NIAT Partner | St.Mary's University","35","Redirecting to NIAT Partner | St.Mary's University.","51","https://smru.edu.in/partner/niat/","noindex,follow","en-IN","","","0","yes","106","0","1","","","0","0","niat/index.html"
"https://smru.edu.in/nirf/","/nirf/","200","yes","NIRF Disclosure Status | St.Mary's University","45","NIRF participation and ranking-data status for the first university academic cycle at St.Mary's University.","107","https://smru.edu.in/nirf/","index,follow","en-IN","","NIRF Disclosure Status","1","yes","446","162","10","BreadcrumbList; WebPage","BreadcrumbList; ListItem; WebPage","2","0","nirf/index.html"
"https://smru.edu.in/nst/","/nst/","200","no","Newton School of Technology Partner | St.Mary's University","58","Redirecting to Newton School of Technology Partner | St.Mary's University.","74","https://smru.edu.in/partner/nst/","noindex,follow","en-IN","","","0","yes","118","0","1","","","0","0","nst/index.html"
"https://smru.edu.in/nursing-sciences/","/nursing-sciences/","200","yes","School of Nursing | St.Mary's University","40","Programs in nursing from undergraduate to postgraduate level. Explore departments, courses, programmes, admissions 2026, and official school information.","153","https://smru.edu.in/nursing-sciences/","index,follow","en-IN","","India's Premium Nursing Program","1","yes","1151","1120","1","","","0","0","nursing-sciences/index.html"
"https://smru.edu.in/ombudsperson/","/ombudsperson/","200","no","Ombudsperson | St.Mary's University","35","University ombudsperson status and independent review information.","66","https://smru.edu.in/ombudsperson/","index,follow","en-IN","","Ombudsperson","1","yes","436","152","6","BreadcrumbList; WebPage","BreadcrumbList; ListItem; WebPage","2","0","ombudsperson/index.html"
"https://smru.edu.in/onnbikes/","/onnbikes/","200","no","ONN Bikes Partner | St.Mary's University","40","Redirecting to ONN Bikes Partner | St.Mary's University.","56","https://smru.edu.in/partner/onnbikes/","noindex,follow","en-IN","","","0","yes","118","0","1","","","0","0","onnbikes/index.html"
"https://smru.edu.in/partner/","/partner/","200","yes","Institutional Partners | St.Mary's University","45","Explore industry and academic partner routes connected with St.Mary's University and career-ready learning pathways.","116","https://smru.edu.in/partner/","index,follow","en-IN","","Partner Pathways Est. 2026","1","yes","310","204","3","BreadcrumbList; CollectionPage","BreadcrumbList; CollectionPage; ListItem","2","0","partner/index.html"
"https://smru.edu.in/partner/bb/","/partner/bb/","200","yes","BlackBucks Partner | St.Mary's University","41","Explore BlackBucks education partner programs and pathways at St.Mary's University.","83","https://smru.edu.in/partner/bb/","index,follow","en-IN","","BlackBucks Partner Programs | St.Mary's University","1","yes","115","9","3","BreadcrumbList; WebPage","BreadcrumbList; ListItem; WebPage","2","0","partner/bb/index.html"
"https://smru.edu.in/partner/bytexl/","/partner/bytexl/","200","yes","ByteXL Partner | St.Mary's University","37","Explore ByteXL education partner programs and pathways at St.Mary's University.","79","https://smru.edu.in/partner/bytexl/","index,follow","en-IN","","ByteXL Partner Programs | St.Mary's University","1","yes","115","9","3","BreadcrumbList; WebPage","BreadcrumbList; ListItem; WebPage","2","0","partner/bytexl/index.html"
"https://smru.edu.in/partner/carebridge/","/partner/carebridge/","200","yes","Carebridge Partner | St.Mary's University","41","Explore Carebridge education partner programs and pathways at St.Mary's University.","83","https://smru.edu.in/partner/carebridge/","index,follow","en-IN","","Healthcare degrees. Global career pathways.","1","yes","1476","1370","1","BreadcrumbList; WebPage","BreadcrumbList; ListItem; WebPage","2","0","partner/carebridge/index.html"
"https://smru.edu.in/partner/edinbox/","/partner/edinbox/","200","yes","Edinbox Partner | St.Mary's University","38","Explore Edinbox education partner programs and pathways at St.Mary's University.","80","https://smru.edu.in/partner/edinbox/","index,follow","en-IN","","B.Sc Forensic Science","1","yes","1080","974","16","BreadcrumbList; WebPage","BreadcrumbList; ListItem; WebPage","2","0","partner/edinbox/index.html"
"https://smru.edu.in/partner/edridge/","/partner/edridge/","200","yes","Edridge Partner | St.Mary's University","38","Explore Edridge education partner programs and pathways at St.Mary's University.","80","https://smru.edu.in/partner/edridge/","index,follow","en-IN","","Edridge Partner Programs | St.Mary's University","1","yes","115","9","3","BreadcrumbList; WebPage","BreadcrumbList; ListItem; WebPage","2","0","partner/edridge/index.html"
"https://smru.edu.in/partner/emversity/","/partner/emversity/","200","yes","Emversity Partner | St.Mary's University","40","Explore Emversity education partner programs and pathways at St.Mary's University.","82","https://smru.edu.in/partner/emversity/","index,follow","en-IN","","Emversity Partner Programs | St.Mary's University","1","yes","115","9","3","BreadcrumbList; WebPage","BreadcrumbList; ListItem; WebPage","2","0","partner/emversity/index.html"
"https://smru.edu.in/partner/niat/","/partner/niat/","200","yes","NxtWave Partner | St.Mary's University","38","Explore NxtWave education partner programs and pathways at St.Mary's University.","80","https://smru.edu.in/partner/niat/","index,follow","en-IN","","NxtWave Partner Programs | St.Mary's University","1","yes","115","9","3","BreadcrumbList; WebPage","BreadcrumbList; ListItem; WebPage","2","0","partner/niat/index.html"
"https://smru.edu.in/partner/nst/","/partner/nst/","200","yes","Newton School of Technology Partner | St.Mary's University","58","Explore Newton School of Technology education partner programs and pathways at St.Mary's University.","100","https://smru.edu.in/partner/nst/","index,follow","en-IN","","Newton School of Technology Partner Programs | St.Mary's University","1","yes","118","12","3","BreadcrumbList; WebPage","BreadcrumbList; ListItem; WebPage","2","0","partner/nst/index.html"
"https://smru.edu.in/partner/qtst/","/partner/qtst/","200","yes","Quality Thought Partner | St.Mary's University","46","Explore Quality Thought education partner programs and pathways at St.Mary's University.","88","https://smru.edu.in/partner/qtst/","index,follow","en-IN","","Quality Thought Partner Programs | St.Mary's University","1","yes","116","10","3","BreadcrumbList; WebPage","BreadcrumbList; ListItem; WebPage","2","0","partner/qtst/index.html"
"https://smru.edu.in/partner/skilgen/","/partner/skilgen/","200","yes","Skilgen Tech Partner | St.Mary's University","43","Explore Skilgen Tech education partner programs and pathways at St.Mary's University.","85","https://smru.edu.in/partner/skilgen/","index,follow","en-IN","","Skilgen Tech Partner Programs | St.Mary's University","1","yes","116","10","3","BreadcrumbList; WebPage","BreadcrumbList; ListItem; WebPage","2","0","partner/skilgen/index.html"
"https://smru.edu.in/partner/veloces/","/partner/veloces/","200","yes","Veloces Partner | St.Mary's University","38","Explore Veloces education partner programs and pathways at St.Mary's University.","80","https://smru.edu.in/partner/veloces/","index,follow","en-IN","","Veloces Partner Programs | St.Mary's University","1","yes","115","9","3","BreadcrumbList; WebPage","BreadcrumbList; ListItem; WebPage","2","0","partner/veloces/index.html"
"https://smru.edu.in/partners/edinbox/","/partners/edinbox/","200","no","Edinbox Partnership | St. Mary's University","43","","0","https://smru.edu.in/partner/edinbox/","noindex,follow","en","","B.Sc Forensic Science","1","no","1008","","0","","","0","0","partners/edinbox/index.html"
"https://smru.edu.in/partners/qtst/","/partners/qtst/","200","no","Quality Thought Partnership | St. Mary's University","51","St. Mary's Rehabilitation University — QTST Bachelors Tech Programmes. UGC Approved, NSDC Certified, Industry-First Curriculum. Admissions Open 2026.","149","https://smru.edu.in/partner/qtst/","noindex,follow","en","","St. Mary's University","1","no","652","","0","","","0","0","partners/qtst/index.html"
"https://smru.edu.in/partners/veloces/velocescampus.html","/partners/veloces/velocescampus.html","200","no","Veloces Campus Partnership | St. Mary's University","50","","0","https://smru.edu.in/partner/veloces/","noindex,follow","en","","St. Mary's University","1","no","1461","","0","","","0","0","partners/veloces/velocescampus.html"
"https://smru.edu.in/phd-admissions/","/phd-admissions/","200","yes","Ph.D. Admissions 2026 Status | St.Mary's University","51","View Ph.D. admissions status, notices, fees, and doctoral research pathways at St.Mary's University, including current cycle updates.","133","https://smru.edu.in/phd-admissions/","index,follow","en-IN","","Doctoral Programme","1","yes","1417","1133","16","BreadcrumbList; FAQPage; WebPage","Answer; BreadcrumbList; FAQPage; ListItem; Question; WebPage","3","0","phd-admissions/index.html"
"https://smru.edu.in/phd-law/","/phd-law/","200","no","Page Moved | St.Mary's University","33","This older Ph.D. Law URL has moved to the current School of Law page.","69","https://smru.edu.in/law/","noindex,follow","en-IN","","Page Has Moved","1","yes","317","33","6","","","0","0","phd-law/index.html"
"https://smru.edu.in/physiotherapy-college-in-telangana/","/physiotherapy-college-in-telangana/","200","yes","Physiotherapy Programmes in Telangana | St.Mary's University","60","Public reference page for St.Mary's University physiotherapy programmes, admissions, and regulatory-status verification.","120","https://smru.edu.in/physiotherapy-college-in-telangana/","index,follow","en-IN","","Physiotherapy Programmes in Telangana","1","yes","411","127","8","BreadcrumbList; WebPage","BreadcrumbList; ListItem; WebPage","2","0","physiotherapy-college-in-telangana/index.html"
"https://smru.edu.in/privacy-policy/","/privacy-policy/","200","yes","Privacy Policy | St.Mary's University","37","Privacy policy for St.Mary's University website users.","54","https://smru.edu.in/privacy-policy/","index,follow","en-IN","","Privacy Policy","1","yes","328","44","7","BreadcrumbList; WebPage","BreadcrumbList; ListItem; WebPage","2","0","privacy-policy/index.html"
"https://smru.edu.in/psychology/","/psychology/","200","yes","School of Psychology | St.Mary's University","43","The School of Psychology at St.Mary's University serves as a specialized center for mental health education and clinical training. Programs are structured","154","https://smru.edu.in/psychology/","index,follow","en-IN","","School of Psychology","1","yes","814","530","8","BreadcrumbList; ItemList; WebPage","BreadcrumbList; ItemList; ListItem; WebPage","3","0","psychology/index.html"
"https://smru.edu.in/public-information/","/public-information/","200","no","Public Information | St.Mary's University","41","Public information desk and compliance contacts for St.Mary's University.","73","https://smru.edu.in/public-information/","index,follow","en-IN","","Public Information","1","yes","430","146","6","BreadcrumbList; WebPage","BreadcrumbList; ListItem; WebPage","2","0","public-information/index.html"
"https://smru.edu.in/qtst-smru/","/qtst-smru/","200","no","QTST | St.Mary's University","27","Redirecting to QTST | St.Mary's University.","43","https://smru.edu.in/qtst/","noindex,follow","en-IN","","","0","yes","284","0","6","","","0","0","qtst-smru/index.html"
"https://smru.edu.in/qtst/","/qtst/","200","yes","QTST | St.Mary's University","27","Redirecting to QTST | St.Mary's University.","43","https://smru.edu.in/partner/qtst/","noindex,follow","en-IN","","","0","yes","106","0","1","","","0","0","qtst/index.html"
"https://smru.edu.in/refund-policy/","/refund-policy/","200","yes","Fee & Refund Policy | St.Mary's University","42","Official Fee and Refund regulations of St.Mary's University, Hyderabad, structured in compliance with UGC prescribed refund tiers.","130","https://smru.edu.in/refund-policy/","index,follow","en-IN","","Fee & Refund Policy","1","yes","491","207","7","BreadcrumbList; WebPage","BreadcrumbList; ListItem; WebPage","2","0","refund-policy/index.html"
"https://smru.edu.in/rehabilitation-sciences/","/rehabilitation-sciences/","200","yes","School of Rehabilitation Sciences | St.Mary's University","56","The School of Rehabilitation Sciences operates as a specialized hub for educating practitioners who restore communication and learning abilities. Curriculum","156","https://smru.edu.in/rehabilitation-sciences/","index,follow","en-IN","","School of Rehabilitation Sciences","1","yes","676","392","6","BreadcrumbList; ItemList; WebPage","BreadcrumbList; ItemList; ListItem; WebPage","3","0","rehabilitation-sciences/index.html"
"https://smru.edu.in/rehabilitation-university-hyderabad/","/rehabilitation-university-hyderabad/","200","yes","Rehabilitation University Hyderabad | St.Mary's University","58","Reference page for St.Mary's University, Hyderabad, Telangana, publicly known as St.Mary's University.","102","https://smru.edu.in/rehabilitation-university-hyderabad/","index,follow","en-IN","","Rehabilitation University Hyderabad","1","yes","481","197","11","BreadcrumbList; FAQPage; WebPage","Answer; BreadcrumbList; FAQPage; ListItem; Question; WebPage","3","0","rehabilitation-university-hyderabad/index.html"
"https://smru.edu.in/research/","/research/","200","yes","Research & Doctoral Disclosure | St.Mary's University","53","Research and doctoral disclosure status for the first university academic cycle at St.Mary's University.","104","https://smru.edu.in/research/","index,follow","en-IN","","Research & Doctoral Disclosure","1","yes","477","193","7","BreadcrumbList; WebPage","BreadcrumbList; ListItem; WebPage","2","0","research/index.html"
"https://smru.edu.in/schools/","/schools/","200","yes","Courses Offered at St.Mary's | St.Mary's University","51","Explore the schools at St.Mary's University. From nursing to engineering, discover specialized career-focused pathways for 2026.","128","https://smru.edu.in/schools/","index,follow","en-IN","","Schools & Programs","1","yes","737","453","11","BreadcrumbList; CollectionPage; ItemList","BreadcrumbList; CollectionPage; Course; EducationalOrganization; ItemList; ListItem","4","0","schools/index.html"
"https://smru.edu.in/schools/engineering-emerging-technologies/","/schools/engineering-emerging-technologies/","200","yes","School of Engineering & Emerging | St.Mary's University","55","Explore admissions 2026, courses, eligibility, and official application updates for School of Engineering & Emerging Technologies. Programs in...","145","https://smru.edu.in/schools/engineering-emerging-technologies/","index,follow","en-IN","","School of Engineering & Emerging Technologies","1","yes","957","673","8","BreadcrumbList; CollectionPage; FAQPage; ItemList","Answer; BreadcrumbList; CollectionPage; Course; EducationalOrganization; FAQPage; ItemList; ListItem; Question","5","0","schools/engineering-emerging-technologies/index.html"
"https://smru.edu.in/schools/engineering-emerging-technologies/business-administration-computer-applications/","/schools/engineering-emerging-technologies/business-administration-computer-applications/","200","yes","Business Administration & Computer | St.Mary's University","57","Detailed curriculum and admissions 2026 information for Business Administration & Computer Applications under School of Engineering & Emerging Technologies.","156","https://smru.edu.in/schools/engineering-emerging-technologies/business-administration-computer-applications/","index,follow","en-IN","","Business Administration & Computer Applications","1","yes","866","582","7","BreadcrumbList; CollectionPage; FAQPage; ItemList","Answer; BreadcrumbList; CollectionPage; Course; EducationalOrganization; FAQPage; ItemList; ListItem; Question","5","0","schools/engineering-emerging-technologies/business-administration-computer-applications/index.html"
"https://smru.edu.in/schools/engineering-emerging-technologies/business-administration-computer-applications/phd-business-administration/","/schools/engineering-emerging-technologies/business-administration-computer-applications/phd-business-administration/","200","yes","Ph.D. Business Administration Admissions 2026 | St.Mary's University","68","Ph.D. Business Administration at St.Mary's University Hyderabad: admissions 2026, eligibility, duration, fee guidance, syllabus, career outcomes, and...","152","https://smru.edu.in/schools/engineering-emerging-technologies/business-administration-computer-applications/phd-business-administration/","index,follow","en-IN","","Ph.D. Business Administration","1","yes","1489","1205","8","BreadcrumbList; Course; FAQPage; ItemList; WebPage","Answer; BreadcrumbList; Course; EducationalOrganization; FAQPage; ItemList; ListItem; PropertyValue; Question; WebPage","5","0","schools/engineering-emerging-technologies/business-administration-computer-applications/phd-business-administration/index.html"
"https://smru.edu.in/schools/engineering-emerging-technologies/computer-science-engineering/","/schools/engineering-emerging-technologies/computer-science-engineering/","200","yes","Computer Science & Engineering | St.Mary's University","53","Detailed curriculum and admissions 2026 information for Computer Science & Engineering under School of Engineering & Emerging Technologies.","139","https://smru.edu.in/schools/engineering-emerging-technologies/computer-science-engineering/","index,follow","en-IN","","Computer Science & Engineering","1","yes","963","679","7","BreadcrumbList; CollectionPage; FAQPage; ItemList","Answer; BreadcrumbList; CollectionPage; Course; EducationalOrganization; FAQPage; ItemList; ListItem; Question","5","0","schools/engineering-emerging-technologies/computer-science-engineering/index.html"
"https://smru.edu.in/schools/engineering-emerging-technologies/computer-science-engineering/btech-cse-ai-ds/","/schools/engineering-emerging-technologies/computer-science-engineering/btech-cse-ai-ds/","200","yes","B.Tech CSE (AI & DS) Admissions 2026, Eligibility, Fees | St.Mary's University","78","B.Tech CSE (AI & DS) at St.Mary's University Hyderabad: admissions 2026, eligibility, duration, fee guidance, syllabus, career outcomes, and recommended...","155","https://smru.edu.in/schools/engineering-emerging-technologies/computer-science-engineering/btech-cse-ai-ds/","index,follow","en-IN","","B.Tech CSE (AI & DS)","1","yes","1475","1191","8","BreadcrumbList; Course; FAQPage; ItemList; WebPage","Answer; BreadcrumbList; Course; EducationalOrganization; FAQPage; ItemList; ListItem; PropertyValue; Question; WebPage","5","0","schools/engineering-emerging-technologies/computer-science-engineering/btech-cse-ai-ds/index.html"
"https://smru.edu.in/schools/engineering-emerging-technologies/computer-science-engineering/btech-cse-aiml/","/schools/engineering-emerging-technologies/computer-science-engineering/btech-cse-aiml/","200","yes","B.Tech CSE (AI & ML) Admissions 2026, Eligibility, Fees | St.Mary's University","78","B.Tech CSE (AI & ML) admissions 2026 at St.Mary's University Hyderabad: eligibility, duration, fee guidance, syllabus, career pathways, and recommended...","154","https://smru.edu.in/schools/engineering-emerging-technologies/computer-science-engineering/btech-cse-aiml/","index,follow","en-IN","","B.Tech CSE (AI & ML)","1","yes","1663","1379","9","BreadcrumbList; Course; FAQPage; ItemList; WebPage","Answer; BreadcrumbList; Course; EducationalOrganization; FAQPage; ItemList; ListItem; PropertyValue; Question; WebPage","5","0","schools/engineering-emerging-technologies/computer-science-engineering/btech-cse-aiml/index.html"
"https://smru.edu.in/schools/engineering-emerging-technologies/computer-science-engineering/btech-cse-biomedical-engineering/","/schools/engineering-emerging-technologies/computer-science-engineering/btech-cse-biomedical-engineering/","200","yes","B.Tech CSE (Biomedical Engineering) Admissions 2026 | St.Mary's University","74","B.Tech CSE (Biomedical Engineering) at St.Mary's University Hyderabad: admissions 2026, eligibility, duration, fee guidance, syllabus, career outcomes, and...","158","https://smru.edu.in/schools/engineering-emerging-technologies/computer-science-engineering/btech-cse-biomedical-engineering/","index,follow","en-IN","","B.Tech CSE (Biomedical Engineering)","1","yes","1478","1194","8","BreadcrumbList; Course; FAQPage; ItemList; WebPage","Answer; BreadcrumbList; Course; EducationalOrganization; FAQPage; ItemList; ListItem; PropertyValue; Question; WebPage","5","0","schools/engineering-emerging-technologies/computer-science-engineering/btech-cse-biomedical-engineering/index.html"
"https://smru.edu.in/schools/engineering-emerging-technologies/computer-science-engineering/btech-cse-cs/","/schools/engineering-emerging-technologies/computer-science-engineering/btech-cse-cs/","200","yes","B.Tech CSE (CS) Admissions 2026, Eligibility, Fees | St.Mary's University","73","B.Tech CSE (CS) at St.Mary's University Hyderabad: admissions 2026, eligibility, duration, fee guidance, syllabus, career outcomes, and recommended related...","158","https://smru.edu.in/schools/engineering-emerging-technologies/computer-science-engineering/btech-cse-cs/","index,follow","en-IN","","B.Tech CSE (CS)","1","yes","1470","1186","8","BreadcrumbList; Course; FAQPage; ItemList; WebPage","Answer; BreadcrumbList; Course; EducationalOrganization; FAQPage; ItemList; ListItem; PropertyValue; Question; WebPage","5","0","schools/engineering-emerging-technologies/computer-science-engineering/btech-cse-cs/index.html"
"https://smru.edu.in/schools/engineering-emerging-technologies/computer-science-engineering/btech-cse-fintech-ai/","/schools/engineering-emerging-technologies/computer-science-engineering/btech-cse-fintech-ai/","200","yes","B.Tech CSE (Fintech & AI) Admissions 2026, Eligibility | St.Mary's University","77","B.Tech CSE (Fintech & AI) at St.Mary's University Hyderabad: admissions 2026, eligibility, duration, fee guidance, syllabus, career outcomes, and...","148","https://smru.edu.in/schools/engineering-emerging-technologies/computer-science-engineering/btech-cse-fintech-ai/","index,follow","en-IN","","B.Tech CSE (Fintech & AI)","1","yes","1486","1202","8","BreadcrumbList; Course; FAQPage; ItemList; WebPage","Answer; BreadcrumbList; Course; EducationalOrganization; FAQPage; ItemList; ListItem; PropertyValue; Question; WebPage","5","0","schools/engineering-emerging-technologies/computer-science-engineering/btech-cse-fintech-ai/index.html"
"https://smru.edu.in/schools/engineering-emerging-technologies/computer-science-engineering/btech-cse/","/schools/engineering-emerging-technologies/computer-science-engineering/btech-cse/","200","yes","B.Tech CSE Admissions 2026, Eligibility, Fees & Syllabus | St.Mary's University","79","B.Tech CSE admissions 2026 at St.Mary's University Hyderabad: eligibility, duration, fee guidance, syllabus, career pathways, and recommended related...","152","https://smru.edu.in/schools/engineering-emerging-technologies/computer-science-engineering/btech-cse/","index,follow","en-IN","","B.Tech CSE","1","yes","1580","1296","9","BreadcrumbList; Course; FAQPage; ItemList; WebPage","Answer; BreadcrumbList; Course; EducationalOrganization; FAQPage; ItemList; ListItem; PropertyValue; Question; WebPage","5","0","schools/engineering-emerging-technologies/computer-science-engineering/btech-cse/index.html"
"https://smru.edu.in/schools/engineering-emerging-technologies/computer-science-engineering/phd-cse/","/schools/engineering-emerging-technologies/computer-science-engineering/phd-cse/","200","yes","Ph.D. CSE Admissions 2026, Eligibility, Fees & Syllabus | St.Mary's University","78","Ph.D. CSE at St.Mary's University Hyderabad: admissions 2026, eligibility, duration, fee guidance, syllabus, career outcomes, and recommended related...","152","https://smru.edu.in/schools/engineering-emerging-technologies/computer-science-engineering/phd-cse/","index,follow","en-IN","","Ph.D. CSE","1","yes","1471","1187","8","BreadcrumbList; Course; FAQPage; ItemList; WebPage","Answer; BreadcrumbList; Course; EducationalOrganization; FAQPage; ItemList; ListItem; PropertyValue; Question; WebPage","5","0","schools/engineering-emerging-technologies/computer-science-engineering/phd-cse/index.html"
"https://smru.edu.in/schools/engineering-emerging-technologies/rehabilitation-engineering-assistive-technologies/","/schools/engineering-emerging-technologies/rehabilitation-engineering-assistive-technologies/","200","yes","Rehabilitation Engineering | St.Mary's University","49","Detailed curriculum and admissions 2026 information for Rehabilitation Engineering & Assistive Technologies under School of Engineering & Emerging Technologies.","160","https://smru.edu.in/schools/engineering-emerging-technologies/rehabilitation-engineering-assistive-technologies/","index,follow","en-IN","","Rehabilitation Engineering & Assistive Technologies","1","yes","891","607","7","BreadcrumbList; CollectionPage; FAQPage; ItemList","Answer; BreadcrumbList; CollectionPage; Course; EducationalOrganization; FAQPage; ItemList; ListItem; Question","5","0","schools/engineering-emerging-technologies/rehabilitation-engineering-assistive-technologies/index.html"
"https://smru.edu.in/schools/engineering-emerging-technologies/rehabilitation-engineering-assistive-technologies/btech-rehab-engineering/","/schools/engineering-emerging-technologies/rehabilitation-engineering-assistive-technologies/btech-rehab-engineering/","200","yes","B.Tech Rehab Engineering Admissions 2026, Eligibility | St.Mary's University","76","B.Tech Rehab Engineering at St.Mary's University Hyderabad: admissions 2026, eligibility, duration, fee guidance, syllabus, career outcomes, and recommended...","159","https://smru.edu.in/schools/engineering-emerging-technologies/rehabilitation-engineering-assistive-technologies/btech-rehab-engineering/","index,follow","en-IN","","B.Tech Rehab Engineering","1","yes","1524","1240","8","BreadcrumbList; Course; FAQPage; ItemList; WebPage","Answer; BreadcrumbList; Course; EducationalOrganization; FAQPage; ItemList; ListItem; PropertyValue; Question; WebPage","5","0","schools/engineering-emerging-technologies/rehabilitation-engineering-assistive-technologies/btech-rehab-engineering/index.html"
"https://smru.edu.in/schools/engineering-emerging-technologies/rehabilitation-engineering-assistive-technologies/btech-rehabilitation-engineering-prosthetics-orthotics-assistive-technologies/","/schools/engineering-emerging-technologies/rehabilitation-engineering-assistive-technologies/btech-rehabilitation-engineering-prosthetics-orthotics-assistive-technologies/","200","yes","B.Tech RE (P&O/AT) Admissions 2026, Eligibility, Fees | St.Mary's University","76","B.Tech RE (P&O/AT) at St.Mary's University Hyderabad: admissions 2026, eligibility, duration, fee guidance, syllabus, career outcomes, and recommended...","153","https://smru.edu.in/schools/engineering-emerging-technologies/rehabilitation-engineering-assistive-technologies/btech-rehabilitation-engineering-prosthetics-orthotics-assistive-technologies/","index,follow","en-IN","","B.Tech RE (P&O/AT)","1","yes","1516","1232","8","BreadcrumbList; Course; FAQPage; ItemList; WebPage","Answer; BreadcrumbList; Course; EducationalOrganization; FAQPage; ItemList; ListItem; PropertyValue; Question; WebPage","5","0","schools/engineering-emerging-technologies/rehabilitation-engineering-assistive-technologies/btech-rehabilitation-engineering-prosthetics-orthotics-assistive-technologies/index.html"
"https://smru.edu.in/schools/engineering-emerging-technologies/sciences-humanities/","/schools/engineering-emerging-technologies/sciences-humanities/","200","yes","Sciences & Humanities Admissions 2026 | St.Mary's University","60","Detailed curriculum and admissions 2026 information for Sciences & Humanities under School of Engineering & Emerging Technologies.","130","https://smru.edu.in/schools/engineering-emerging-technologies/sciences-humanities/","index,follow","en-IN","","Sciences & Humanities","1","yes","915","631","7","BreadcrumbList; CollectionPage; FAQPage; ItemList","Answer; BreadcrumbList; CollectionPage; Course; EducationalOrganization; FAQPage; ItemList; ListItem; Question","5","0","schools/engineering-emerging-technologies/sciences-humanities/index.html"
"https://smru.edu.in/schools/engineering-emerging-technologies/sciences-humanities/phd-chemistry/","/schools/engineering-emerging-technologies/sciences-humanities/phd-chemistry/","200","yes","Ph.D. Chemistry Admissions 2026, Eligibility, Fees | St.Mary's University","73","Ph.D. Chemistry at St.Mary's University Hyderabad: admissions 2026, eligibility, duration, fee guidance, syllabus, career outcomes, and recommended related...","158","https://smru.edu.in/schools/engineering-emerging-technologies/sciences-humanities/phd-chemistry/","index,follow","en-IN","","Ph.D. Chemistry","1","yes","1465","1181","8","BreadcrumbList; Course; FAQPage; ItemList; WebPage","Answer; BreadcrumbList; Course; EducationalOrganization; FAQPage; ItemList; ListItem; PropertyValue; Question; WebPage","5","0","schools/engineering-emerging-technologies/sciences-humanities/phd-chemistry/index.html"
"https://smru.edu.in/schools/engineering-emerging-technologies/sciences-humanities/phd-english/","/schools/engineering-emerging-technologies/sciences-humanities/phd-english/","200","yes","Ph.D. English Admissions 2026, Eligibility, Fees & Syllabus | St.Mary's University","82","Ph.D. English at St.Mary's University Hyderabad: admissions 2026, eligibility, duration, fee guidance, syllabus, career outcomes, and recommended related...","156","https://smru.edu.in/schools/engineering-emerging-technologies/sciences-humanities/phd-english/","index,follow","en-IN","","Ph.D. English","1","yes","1465","1181","8","BreadcrumbList; Course; FAQPage; ItemList; WebPage","Answer; BreadcrumbList; Course; EducationalOrganization; FAQPage; ItemList; ListItem; PropertyValue; Question; WebPage","5","0","schools/engineering-emerging-technologies/sciences-humanities/phd-english/index.html"
"https://smru.edu.in/schools/engineering-emerging-technologies/sciences-humanities/phd-mathematics/","/schools/engineering-emerging-technologies/sciences-humanities/phd-mathematics/","200","yes","Ph.D. Mathematics Admissions 2026, Eligibility, Fees | St.Mary's University","75","Ph.D. Mathematics at St.Mary's University Hyderabad: admissions 2026, eligibility, duration, fee guidance, syllabus, career outcomes, and recommended...","152","https://smru.edu.in/schools/engineering-emerging-technologies/sciences-humanities/phd-mathematics/","index,follow","en-IN","","Ph.D. Mathematics","1","yes","1465","1181","8","BreadcrumbList; Course; FAQPage; ItemList; WebPage","Answer; BreadcrumbList; Course; EducationalOrganization; FAQPage; ItemList; ListItem; PropertyValue; Question; WebPage","5","0","schools/engineering-emerging-technologies/sciences-humanities/phd-mathematics/index.html"
"https://smru.edu.in/schools/engineering-emerging-technologies/sciences-humanities/phd-physics/","/schools/engineering-emerging-technologies/sciences-humanities/phd-physics/","200","yes","Ph.D. Physics Admissions 2026, Eligibility, Fees & Syllabus | St.Mary's University","82","Ph.D. Physics at St.Mary's University Hyderabad: admissions 2026, eligibility, duration, fee guidance, syllabus, career outcomes, and recommended related...","156","https://smru.edu.in/schools/engineering-emerging-technologies/sciences-humanities/phd-physics/","index,follow","en-IN","","Ph.D. Physics","1","yes","1465","1181","8","BreadcrumbList; Course; FAQPage; ItemList; WebPage","Answer; BreadcrumbList; Course; EducationalOrganization; FAQPage; ItemList; ListItem; PropertyValue; Question; WebPage","5","0","schools/engineering-emerging-technologies/sciences-humanities/phd-physics/index.html"
"https://smru.edu.in/schools/health-allied-health-sciences/","/schools/health-allied-health-sciences/","200","yes","School of Health & Allied Health | St.Mary's University","55","Explore admissions 2026, courses, eligibility, and official application updates for School of Health & Allied Health Sciences. The School of Health and...","154","https://smru.edu.in/schools/health-allied-health-sciences/","index,follow","en-IN","","School of Health & Allied Health Sciences","1","yes","1116","832","10","BreadcrumbList; CollectionPage; FAQPage; ItemList","Answer; BreadcrumbList; CollectionPage; Course; EducationalOrganization; FAQPage; ItemList; ListItem; Question","5","0","schools/health-allied-health-sciences/index.html"
"https://smru.edu.in/schools/health-allied-health-sciences/allied-health-sciences/","/schools/health-allied-health-sciences/allied-health-sciences/","200","yes","Allied Health Technologies | St.Mary's University","49","Detailed curriculum and admissions 2026 information for Allied Health Technologies under School of Health & Allied Health Sciences.","131","https://smru.edu.in/schools/health-allied-health-sciences/allied-health-sciences/","index,follow","en-IN","","Allied Health Technologies","1","yes","1266","982","7","BreadcrumbList; CollectionPage; FAQPage; ItemList","Answer; BreadcrumbList; CollectionPage; Course; EducationalOrganization; FAQPage; ItemList; ListItem; Question","5","0","schools/health-allied-health-sciences/allied-health-sciences/index.html"
"https://smru.edu.in/schools/health-allied-health-sciences/allied-health-sciences/b-optometry/","/schools/health-allied-health-sciences/allied-health-sciences/b-optometry/","200","yes","Optometry Course Hyderabad: Admission 2026, Fees | St.Mary's University","71","Explore Optometry at St.Mary's University Hyderabad with eligibility, fee guidance, vision science, eye screening, clinical optometry, and admissions...","152","https://smru.edu.in/schools/health-allied-health-sciences/allied-health-sciences/b-optometry/","index,follow","en-IN","","Optometry","1","yes","2158","1874","14","BreadcrumbList; Course; FAQPage; ItemList; WebPage","Answer; BreadcrumbList; Course; EducationalOrganization; FAQPage; ItemList; ListItem; PropertyValue; Question; WebPage","5","0","schools/health-allied-health-sciences/allied-health-sciences/b-optometry/index.html"
"https://smru.edu.in/schools/health-allied-health-sciences/allied-health-sciences/bachelor-nutrition-dietetics-hons/","/schools/health-allied-health-sciences/allied-health-sciences/bachelor-nutrition-dietetics-hons/","200","yes","Nutrition Dietetics Hyderabad: Admission 2026, Fees | St.Mary's University","74","Explore Bachelor of Nutrition and Dietetics (Hons) at St.Mary's University Hyderabad with dietetics admission guidance, clinical nutrition, diet planning,...","157","https://smru.edu.in/schools/health-allied-health-sciences/allied-health-sciences/bachelor-nutrition-dietetics-hons/","index,follow","en-IN","","Bachelor of Nutrition and Dietetics (Hons)","1","yes","1933","1649","11","BreadcrumbList; Course; FAQPage; ItemList; WebPage","Answer; BreadcrumbList; Course; EducationalOrganization; FAQPage; ItemList; ListItem; PropertyValue; Question; WebPage","5","0","schools/health-allied-health-sciences/allied-health-sciences/bachelor-nutrition-dietetics-hons/index.html"
"https://smru.edu.in/schools/health-allied-health-sciences/allied-health-sciences/bcvt/","/schools/health-allied-health-sciences/allied-health-sciences/bcvt/","200","yes","Cardiovascular Technology Hyderabad: Admission 2026, Fees | St.Mary's University","80","Explore Cardiovascular Technology at St.Mary's University Hyderabad with CVT eligibility, fee guidance, ECG and echo concepts, cardiac diagnostics, and...","154","https://smru.edu.in/schools/health-allied-health-sciences/allied-health-sciences/bcvt/","index,follow","en-IN","","Cardiovascular Technology","1","yes","2676","2392","21","BreadcrumbList; Course; FAQPage; ItemList; WebPage","Answer; BreadcrumbList; Course; EducationalOrganization; FAQPage; ItemList; ListItem; PropertyValue; Question; WebPage","5","0","schools/health-allied-health-sciences/allied-health-sciences/bcvt/index.html"
"https://smru.edu.in/schools/health-allied-health-sciences/allied-health-sciences/bdtt/","/schools/health-allied-health-sciences/allied-health-sciences/bdtt/","200","yes","Dialysis Therapy Tech Hyderabad: Admission 2026, Fees | St.Mary's University","76","Explore Bachelor of Dialysis Therapy Technology at St.Mary's University Hyderabad with renal care guidance, dialysis equipment, clinical postings, and...","153","https://smru.edu.in/schools/health-allied-health-sciences/allied-health-sciences/bdtt/","index,follow","en-IN","","Bachelor of Dialysis Therapy Technology (B.DTT)","1","yes","1936","1652","11","BreadcrumbList; Course; FAQPage; ItemList; WebPage","Answer; BreadcrumbList; Course; EducationalOrganization; FAQPage; ItemList; ListItem; PropertyValue; Question; WebPage","5","0","schools/health-allied-health-sciences/allied-health-sciences/bdtt/index.html"
"https://smru.edu.in/schools/health-allied-health-sciences/allied-health-sciences/betcms/","/schools/health-allied-health-sciences/allied-health-sciences/betcms/","200","yes","Emergency Medical Tech Hyderabad: Admission 2026, Fees | St.Mary's University","77","Explore Emergency Medical Technology at St.Mary's University Hyderabad with EMT eligibility, fee guidance, trauma response, triage, simulation, and...","150","https://smru.edu.in/schools/health-allied-health-sciences/allied-health-sciences/betcms/","index,follow","en-IN","","Emergency Medical Technology","1","yes","2786","2502","21","BreadcrumbList; Course; FAQPage; ItemList; WebPage","Answer; BreadcrumbList; Course; EducationalOrganization; FAQPage; ItemList; ListItem; PropertyValue; Question; WebPage","5","0","schools/health-allied-health-sciences/allied-health-sciences/betcms/index.html"
"https://smru.edu.in/schools/health-allied-health-sciences/allied-health-sciences/bmit/","/schools/health-allied-health-sciences/allied-health-sciences/bmit/","200","yes","Medical Imaging Tech Hyderabad: Admission 2026, Fees | St.Mary's University","75","Explore B.Sc. Medical Imaging Technology (Radiology) at St.Mary's University Hyderabad with imaging basics, MRI, CT, X-Ray training, and admission updates....","158","https://smru.edu.in/schools/health-allied-health-sciences/allied-health-sciences/bmit/","index,follow","en-IN","","B.Sc. Medical Imaging Technology","1","yes","1910","1626","10","BreadcrumbList; Course; FAQPage; ItemList; WebPage","Answer; BreadcrumbList; Course; EducationalOrganization; FAQPage; ItemList; ListItem; PropertyValue; Question; WebPage","5","0","schools/health-allied-health-sciences/allied-health-sciences/bmit/index.html"
"https://smru.edu.in/schools/health-allied-health-sciences/allied-health-sciences/bmlt/","/schools/health-allied-health-sciences/allied-health-sciences/bmlt/","200","yes","Medical Lab Technology Hyderabad: Admission 2026, Fees | St.Mary's University","77","Explore Medical Lab Technology at St.Mary's University Hyderabad with MLT eligibility, fee guidance, diagnostics lab training, pathology, microbiology, and...","158","https://smru.edu.in/schools/health-allied-health-sciences/allied-health-sciences/bmlt/","index,follow","en-IN","","Medical Lab Technology","1","yes","2719","2435","21","BreadcrumbList; Course; FAQPage; ItemList; WebPage","Answer; BreadcrumbList; Course; EducationalOrganization; FAQPage; ItemList; ListItem; PropertyValue; Question; WebPage","5","0","schools/health-allied-health-sciences/allied-health-sciences/bmlt/index.html"
"https://smru.edu.in/schools/health-allied-health-sciences/allied-health-sciences/bpa/","/schools/health-allied-health-sciences/allied-health-sciences/bpa/","200","yes","Physician Assistant Hyderabad: Admission 2026, Fees | St.Mary's University","74","Explore Bachelor of Physician Assistant at St.Mary's University Hyderabad with clinical care coordination guidance, admission support, eligibility, and fee...","158","https://smru.edu.in/schools/health-allied-health-sciences/allied-health-sciences/bpa/","index,follow","en-IN","","Bachelor of Physician Assistant (B.PA)","1","yes","1902","1618","11","BreadcrumbList; Course; FAQPage; ItemList; WebPage","Answer; BreadcrumbList; Course; EducationalOrganization; FAQPage; ItemList; ListItem; PropertyValue; Question; WebPage","5","0","schools/health-allied-health-sciences/allied-health-sciences/bpa/index.html"
"https://smru.edu.in/schools/health-allied-health-sciences/allied-health-sciences/brt-respiratory/","/schools/health-allied-health-sciences/allied-health-sciences/brt-respiratory/","200","yes","Respiratory Technology Hyderabad: Admission 2026, Fees | St.Mary's University","77","Explore Bachelor of Respiratory Technology at St.Mary's University Hyderabad with pulmonary care guidance, ICU support, patient monitoring, and admissions...","157","https://smru.edu.in/schools/health-allied-health-sciences/allied-health-sciences/brt-respiratory/","index,follow","en-IN","","Bachelor of Respiratory Technology (B.RT)","1","yes","1913","1629","11","BreadcrumbList; Course; FAQPage; ItemList; WebPage","Answer; BreadcrumbList; Course; EducationalOrganization; FAQPage; ItemList; ListItem; PropertyValue; Question; WebPage","5","0","schools/health-allied-health-sciences/allied-health-sciences/brt-respiratory/index.html"
"https://smru.edu.in/schools/health-allied-health-sciences/allied-health-sciences/brt/","/schools/health-allied-health-sciences/allied-health-sciences/brt/","200","yes","Radiotherapy Technology Hyderabad: Admission 2026, Fees | St.Mary's University","78","Explore Radiotherapy Technology at St.Mary's University Hyderabad with eligibility, fee guidance, oncology workflow, radiation safety, treatment support,...","156","https://smru.edu.in/schools/health-allied-health-sciences/allied-health-sciences/brt/","index,follow","en-IN","","Radiotherapy Technology","1","yes","2152","1868","14","BreadcrumbList; Course; FAQPage; ItemList; WebPage","Answer; BreadcrumbList; Course; EducationalOrganization; FAQPage; ItemList; ListItem; PropertyValue; Question; WebPage","5","0","schools/health-allied-health-sciences/allied-health-sciences/brt/index.html"
"https://smru.edu.in/schools/health-allied-health-sciences/allied-health-sciences/bsc-anaesthesia-ot/","/schools/health-allied-health-sciences/allied-health-sciences/bsc-anaesthesia-ot/","200","yes","Anesthesia OT Technology Hyderabad: Admission 2026, Fees | St.Mary's University","79","Explore Anesthesia & OT Technology at St.Mary's University Hyderabad with AOTT eligibility, fee guidance, OT protocols, anaesthesia support, and admissions...","158","https://smru.edu.in/schools/health-allied-health-sciences/allied-health-sciences/bsc-anaesthesia-ot/","index,follow","en-IN","","Anesthesia & OT Technology","1","yes","2771","2487","21","BreadcrumbList; Course; FAQPage; ItemList; WebPage","Answer; BreadcrumbList; Course; EducationalOrganization; FAQPage; ItemList; ListItem; PropertyValue; Question; WebPage","5","0","schools/health-allied-health-sciences/allied-health-sciences/bsc-anaesthesia-ot/index.html"
"https://smru.edu.in/schools/health-allied-health-sciences/allied-health-sciences/bsc-forensic-science/","/schools/health-allied-health-sciences/allied-health-sciences/bsc-forensic-science/","200","yes","Forensic Science Course Hyderabad: Admission 2026, Fees | St.Mary's University","78","Explore Forensic Science at St.Mary's University Hyderabad with eligibility, fee guidance, crime-scene methods, evidence handling, forensic labs, and...","152","https://smru.edu.in/schools/health-allied-health-sciences/allied-health-sciences/bsc-forensic-science/","index,follow","en-IN","","Forensic Science","1","yes","1970","1686","11","BreadcrumbList; Course; FAQPage; ItemList; WebPage","Answer; BreadcrumbList; Course; EducationalOrganization; FAQPage; ItemList; ListItem; PropertyValue; Question; WebPage","5","0","schools/health-allied-health-sciences/allied-health-sciences/bsc-forensic-science/index.html"
"https://smru.edu.in/schools/health-allied-health-sciences/allied-health-sciences/diploma-anaesthesia-operation-theatre-technology/","/schools/health-allied-health-sciences/allied-health-sciences/diploma-anaesthesia-operation-theatre-technology/","200","yes","Diploma AOTT Hyderabad: Admission 2026, Fees | St.Mary's University","67","Explore Diploma in Anaesthesia and Operation Theatre Technology at St.Mary's University Hyderabad with technician-readiness guidance, OT support, and...","152","https://smru.edu.in/schools/health-allied-health-sciences/allied-health-sciences/diploma-anaesthesia-operation-theatre-technology/","index,follow","en-IN","","Diploma in Anaesthesia and Operation Theatre Technology (D.AOTT)","1","yes","1942","1658","11","BreadcrumbList; Course; FAQPage; ItemList; WebPage","Answer; BreadcrumbList; Course; EducationalOrganization; FAQPage; ItemList; ListItem; PropertyValue; Question; WebPage","5","0","schools/health-allied-health-sciences/allied-health-sciences/diploma-anaesthesia-operation-theatre-technology/index.html"
"https://smru.edu.in/schools/health-allied-health-sciences/allied-health-sciences/diploma-dialysis-technology/","/schools/health-allied-health-sciences/allied-health-sciences/diploma-dialysis-technology/","200","yes","Diploma Dialysis Hyderabad: Admission 2026, Fees | St.Mary's University","71","Explore Diploma of Dialysis Technology at St.Mary's University Hyderabad with dialysis technician guidance, renal care workflow, admission support,...","150","https://smru.edu.in/schools/health-allied-health-sciences/allied-health-sciences/diploma-dialysis-technology/","index,follow","en-IN","","Diploma of Dialysis Technology (D.DT)","1","yes","1903","1619","11","BreadcrumbList; Course; FAQPage; ItemList; WebPage","Answer; BreadcrumbList; Course; EducationalOrganization; FAQPage; ItemList; ListItem; PropertyValue; Question; WebPage","5","0","schools/health-allied-health-sciences/allied-health-sciences/diploma-dialysis-technology/index.html"
"https://smru.edu.in/schools/health-allied-health-sciences/allied-health-sciences/diploma-radiotherapy-technology/","/schools/health-allied-health-sciences/allied-health-sciences/diploma-radiotherapy-technology/","200","yes","Diploma Radiotherapy Hyderabad: Admission 2026, Fees | St.Mary's University","75","Explore Diploma of Radiotherapy Technology at St.Mary's University Hyderabad with technician-readiness guidance, oncology workflow, safety basics, and...","153","https://smru.edu.in/schools/health-allied-health-sciences/allied-health-sciences/diploma-radiotherapy-technology/","index,follow","en-IN","","Diploma of Radiotherapy Technology (D.RT)","1","yes","1887","1603","11","BreadcrumbList; Course; FAQPage; ItemList; WebPage","Answer; BreadcrumbList; Course; EducationalOrganization; FAQPage; ItemList; ListItem; PropertyValue; Question; WebPage","5","0","schools/health-allied-health-sciences/allied-health-sciences/diploma-radiotherapy-technology/index.html"
"https://smru.edu.in/schools/health-allied-health-sciences/occupational-therapy/","/schools/health-allied-health-sciences/occupational-therapy/","200","yes","Occupational Therapy Admissions 2026 | St.Mary's University","59","This department focuses on restoring functional independence through activity-based therapy. Students learn to analyze life-skills and physical task...","151","https://smru.edu.in/schools/health-allied-health-sciences/occupational-therapy/","index,follow","en-IN","","Occupational Therapy","1","yes","911","627","7","BreadcrumbList; CollectionPage; FAQPage; ItemList","Answer; BreadcrumbList; CollectionPage; Course; EducationalOrganization; FAQPage; ItemList; ListItem; Question","5","0","schools/health-allied-health-sciences/occupational-therapy/index.html"
"https://smru.edu.in/schools/health-allied-health-sciences/occupational-therapy/bot/","/schools/health-allied-health-sciences/occupational-therapy/bot/","200","yes","BOT Course in Hyderabad: Admission 2026, Fees | St.Mary's University","68","Explore BOT at St.Mary's University Hyderabad with occupational therapy eligibility, duration, fee guidance, functional rehabilitation, assistive living,...","156","https://smru.edu.in/schools/health-allied-health-sciences/occupational-therapy/bot/","index,follow","en-IN","","BOT","1","yes","2146","1862","14","BreadcrumbList; Course; FAQPage; ItemList; WebPage","Answer; BreadcrumbList; Course; EducationalOrganization; FAQPage; ItemList; ListItem; PropertyValue; Question; WebPage","5","0","schools/health-allied-health-sciences/occupational-therapy/bot/index.html"
"https://smru.edu.in/schools/health-allied-health-sciences/occupational-therapy/mot/","/schools/health-allied-health-sciences/occupational-therapy/mot/","200","yes","MOT Course in Hyderabad: Admission 2026, Fees | St.Mary's University","68","Review MOT at St.Mary's University Hyderabad with PG occupational therapy eligibility, duration, fee guidance, assistive technology, clinical practice, and...","158","https://smru.edu.in/schools/health-allied-health-sciences/occupational-therapy/mot/","index,follow","en-IN","","MOT","1","yes","1864","1580","11","BreadcrumbList; Course; FAQPage; ItemList; WebPage","Answer; BreadcrumbList; Course; EducationalOrganization; FAQPage; ItemList; ListItem; PropertyValue; Question; WebPage","5","0","schools/health-allied-health-sciences/occupational-therapy/mot/index.html"
"https://smru.edu.in/schools/health-allied-health-sciences/occupational-therapy/phd-occupational-therapy/","/schools/health-allied-health-sciences/occupational-therapy/phd-occupational-therapy/","200","yes","Ph.D. Occupational Therapy Hyderabad: Admission 2026, Fees | St.Mary's University","81","Review Ph.D. Occupational Therapy at St.Mary's University Hyderabad with doctoral admission guidance, OT research focus, eligibility, supervisors, and fee...","157","https://smru.edu.in/schools/health-allied-health-sciences/occupational-therapy/phd-occupational-therapy/","index,follow","en-IN","","Ph.D. Occupational Therapy","1","yes","1815","1531","11","BreadcrumbList; Course; FAQPage; ItemList; WebPage","Answer; BreadcrumbList; Course; EducationalOrganization; FAQPage; ItemList; ListItem; PropertyValue; Question; WebPage","5","0","schools/health-allied-health-sciences/occupational-therapy/phd-occupational-therapy/index.html"
"https://smru.edu.in/schools/health-allied-health-sciences/physiotherapy/","/schools/health-allied-health-sciences/physiotherapy/","200","yes","Physiotherapy Admissions 2026 | St.Mary's University","52","Dedicated to the science of restorative movement and physical well-being. Students engage in manual therapy practice and use advanced mobilization...","149","https://smru.edu.in/schools/health-allied-health-sciences/physiotherapy/","index,follow","en-IN","","Physiotherapy","1","yes","919","635","7","BreadcrumbList; CollectionPage; FAQPage; ItemList","Answer; BreadcrumbList; CollectionPage; Course; EducationalOrganization; FAQPage; ItemList; ListItem; Question","5","0","schools/health-allied-health-sciences/physiotherapy/index.html"
"https://smru.edu.in/schools/health-allied-health-sciences/physiotherapy/bpt/","/schools/health-allied-health-sciences/physiotherapy/bpt/","200","yes","BPT Course in Hyderabad: Admission 2026, Fees | St.Mary's University","68","Explore BPT at St.Mary's University Hyderabad with eligibility, duration, fee guidance, physiotherapy practical training, clinical learning, and admissions...","158","https://smru.edu.in/schools/health-allied-health-sciences/physiotherapy/bpt/","index,follow","en-IN","","BPT","1","yes","2011","1727","13","BreadcrumbList; Course; FAQPage; ItemList; WebPage","Answer; BreadcrumbList; Course; EducationalOrganization; FAQPage; ItemList; ListItem; PropertyValue; Question; WebPage","5","0","schools/health-allied-health-sciences/physiotherapy/bpt/index.html"
"https://smru.edu.in/schools/health-allied-health-sciences/physiotherapy/mpt/","/schools/health-allied-health-sciences/physiotherapy/mpt/","200","yes","MPT Course in Hyderabad: Admission 2026, Fees | St.Mary's University","68","Review MPT at St.Mary's University Hyderabad with PG physiotherapy eligibility, duration, fee guidance, specialization focus, clinical practice, and...","151","https://smru.edu.in/schools/health-allied-health-sciences/physiotherapy/mpt/","index,follow","en-IN","","MPT","1","yes","1826","1542","10","BreadcrumbList; Course; FAQPage; ItemList; WebPage","Answer; BreadcrumbList; Course; EducationalOrganization; FAQPage; ItemList; ListItem; PropertyValue; Question; WebPage","5","0","schools/health-allied-health-sciences/physiotherapy/mpt/index.html"
"https://smru.edu.in/schools/health-allied-health-sciences/physiotherapy/phd-physiotherapy-neurology/","/schools/health-allied-health-sciences/physiotherapy/phd-physiotherapy-neurology/","200","yes","Ph.D. Physiotherapy Neurology Hyderabad: Admission 2026 | St.Mary's University","78","Review Ph.D. Physiotherapy Neurology at St.Mary's University Hyderabad with doctoral admission guidance, neuro-rehabilitation research focus, eligibility,...","157","https://smru.edu.in/schools/health-allied-health-sciences/physiotherapy/phd-physiotherapy-neurology/","index,follow","en-IN","","Ph.D. Physiotherapy Neurology","1","yes","1797","1513","9","BreadcrumbList; Course; FAQPage; ItemList; WebPage","Answer; BreadcrumbList; Course; EducationalOrganization; FAQPage; ItemList; ListItem; PropertyValue; Question; WebPage","5","0","schools/health-allied-health-sciences/physiotherapy/phd-physiotherapy-neurology/index.html"
"https://smru.edu.in/schools/health-allied-health-sciences/physiotherapy/phd-physiotherapy/","/schools/health-allied-health-sciences/physiotherapy/phd-physiotherapy/","200","yes","Ph.D. Physiotherapy Hyderabad: Admission 2026, Fees | St.Mary's University","74","Review Ph.D. Physiotherapy at St.Mary's University Hyderabad with doctoral admission guidance, research focus areas, supervisor verification, eligibility,...","157","https://smru.edu.in/schools/health-allied-health-sciences/physiotherapy/phd-physiotherapy/","index,follow","en-IN","","Ph.D. Physiotherapy","1","yes","1786","1502","11","BreadcrumbList; Course; FAQPage; ItemList; WebPage","Answer; BreadcrumbList; Course; EducationalOrganization; FAQPage; ItemList; ListItem; PropertyValue; Question; WebPage","5","0","schools/health-allied-health-sciences/physiotherapy/phd-physiotherapy/index.html"
"https://smru.edu.in/schools/law/","/schools/law/","200","yes","School of Law Admissions 2026 | St.Mary's University","52","Explore admissions 2026, courses, eligibility, and official application updates for School of Law. The School of Law at St.Mary's University, Hyderabad, is...","158","https://smru.edu.in/schools/law/","index,follow","en-IN","","School of Law","1","yes","1124","840","12","BreadcrumbList; CollectionPage; FAQPage; ItemList","Answer; BreadcrumbList; CollectionPage; Course; EducationalOrganization; FAQPage; ItemList; ListItem; Question","5","0","schools/law/index.html"
"https://smru.edu.in/schools/law/legal-studies/","/schools/law/legal-studies/","200","yes","Law Admissions 2026 | St.Mary's University","42","Detailed curriculum and admissions 2026 information for Law under School of Law.","80","https://smru.edu.in/schools/law/legal-studies/","index,follow","en-IN","","Law","1","yes","977","693","7","BreadcrumbList; CollectionPage; FAQPage; ItemList","Answer; BreadcrumbList; CollectionPage; Course; EducationalOrganization; FAQPage; ItemList; ListItem; Question","5","0","schools/law/legal-studies/index.html"
"https://smru.edu.in/schools/law/legal-studies/ba-llb-hons/","/schools/law/legal-studies/ba-llb-hons/","200","yes","B.A. LL.B. / B.A. LL.B. (Hons.) Admissions 2026 | St.Mary's University","70","B.A. LL.B. / B.A. LL.B. (Hons.) admissions 2026 at St.Mary's University Hyderabad: eligibility, duration, fee guidance, syllabus, career pathways, and...","153","https://smru.edu.in/schools/law/legal-studies/ba-llb-hons/","index,follow","en-IN","","B.A. LL.B. / B.A. LL.B. (Hons.)","1","yes","1428","1144","8","BreadcrumbList; Course; FAQPage; ItemList; WebPage","Answer; BreadcrumbList; Course; EducationalOrganization; FAQPage; ItemList; ListItem; PropertyValue; Question; WebPage","5","0","schools/law/legal-studies/ba-llb-hons/index.html"
"https://smru.edu.in/schools/law/legal-studies/bba-llb-hons/","/schools/law/legal-studies/bba-llb-hons/","200","yes","B.B.A. LL.B. / B.B.A. LL.B. (Hons.) Admissions 2026 | St.Mary's University","74","B.B.A. LL.B. / B.B.A. LL.B. (Hons.) admissions 2026 at St.Mary's University Hyderabad: eligibility, duration, fee guidance, syllabus, career pathways, and...","157","https://smru.edu.in/schools/law/legal-studies/bba-llb-hons/","index,follow","en-IN","","B.B.A. LL.B. / B.B.A. LL.B. (Hons.)","1","yes","1416","1132","8","BreadcrumbList; Course; FAQPage; ItemList; WebPage","Answer; BreadcrumbList; Course; EducationalOrganization; FAQPage; ItemList; ListItem; PropertyValue; Question; WebPage","5","0","schools/law/legal-studies/bba-llb-hons/index.html"
"https://smru.edu.in/schools/law/legal-studies/bsc-forensic-llb-hons/","/schools/law/legal-studies/bsc-forensic-llb-hons/","200","yes","B.Sc. (Forensic) LL.B. (Hons.) Admissions 2026 | St.Mary's University","69","B.Sc. (Forensic) LL.B. (Hons.) at St.Mary's University Hyderabad: admissions 2026, eligibility, duration, fee guidance, syllabus, career outcomes, and...","153","https://smru.edu.in/schools/law/legal-studies/bsc-forensic-llb-hons/","index,follow","en-IN","","B.Sc. (Forensic) LL.B. (Hons.)","1","yes","1456","1172","8","BreadcrumbList; Course; FAQPage; ItemList; WebPage","Answer; BreadcrumbList; Course; EducationalOrganization; FAQPage; ItemList; ListItem; PropertyValue; Question; WebPage","5","0","schools/law/legal-studies/bsc-forensic-llb-hons/index.html"
"https://smru.edu.in/schools/law/legal-studies/bsc-llb-hons/","/schools/law/legal-studies/bsc-llb-hons/","200","yes","B.Sc. LL.B. / B.Sc. LL.B. (Hons.) Admissions 2026 | St.Mary's University","72","B.Sc. LL.B. / B.Sc. LL.B. (Hons.) admissions 2026 at St.Mary's University Hyderabad: eligibility, duration, fee guidance, syllabus, career pathways, and...","155","https://smru.edu.in/schools/law/legal-studies/bsc-llb-hons/","index,follow","en-IN","","B.Sc. LL.B. / B.Sc. LL.B. (Hons.)","1","yes","1420","1136","8","BreadcrumbList; Course; FAQPage; ItemList; WebPage","Answer; BreadcrumbList; Course; EducationalOrganization; FAQPage; ItemList; ListItem; PropertyValue; Question; WebPage","5","0","schools/law/legal-studies/bsc-llb-hons/index.html"
"https://smru.edu.in/schools/law/legal-studies/llb-general/","/schools/law/legal-studies/llb-general/","200","no","Page Moved | St.Mary's University","33","LL.B. (General) now maps to the current LL.B. programme page.","61","https://smru.edu.in/schools/law/legal-studies/llb/","noindex,follow","en-IN","","Page Has Moved","1","yes","304","20","6","","","0","0","schools/law/legal-studies/llb-general/index.html"
"https://smru.edu.in/schools/law/legal-studies/llb-hons/","/schools/law/legal-studies/llb-hons/","200","yes","LL.B. (Hons.) Admissions 2026, Eligibility, Fees & Syllabus | St.Mary's University","82","LL.B. (Hons.) admissions 2026 at St.Mary's University Hyderabad: eligibility, duration, fee guidance, syllabus, career pathways, and recommended related...","155","https://smru.edu.in/schools/law/legal-studies/llb-hons/","index,follow","en-IN","","LL.B. (Hons.)","1","yes","1359","1075","8","BreadcrumbList; Course; FAQPage; ItemList; WebPage","Answer; BreadcrumbList; Course; EducationalOrganization; FAQPage; ItemList; ListItem; PropertyValue; Question; WebPage","5","0","schools/law/legal-studies/llb-hons/index.html"
"https://smru.edu.in/schools/law/legal-studies/llb/","/schools/law/legal-studies/llb/","200","yes","LL.B. Admissions 2026, Eligibility, Fees & Syllabus | St.Mary's University","74","LL.B. admissions 2026 at St.Mary's University Hyderabad: eligibility, duration, fee guidance, syllabus, career pathways, and recommended related courses....","156","https://smru.edu.in/schools/law/legal-studies/llb/","index,follow","en-IN","","LL.B.","1","yes","1367","1083","8","BreadcrumbList; Course; FAQPage; ItemList; WebPage","Answer; BreadcrumbList; Course; EducationalOrganization; FAQPage; ItemList; ListItem; PropertyValue; Question; WebPage","5","0","schools/law/legal-studies/llb/index.html"
"https://smru.edu.in/schools/law/legal-studies/llm/","/schools/law/legal-studies/llm/","200","yes","LL.M. Admissions 2026, Eligibility, Fees & Syllabus | St.Mary's University","74","LL.M. at St.Mary's University Hyderabad: admissions 2026, eligibility, duration, fee guidance, syllabus, career outcomes, and recommended related courses....","157","https://smru.edu.in/schools/law/legal-studies/llm/","index,follow","en-IN","","LL.M.","1","yes","1427","1143","8","BreadcrumbList; Course; FAQPage; ItemList; WebPage","Answer; BreadcrumbList; Course; EducationalOrganization; FAQPage; ItemList; ListItem; PropertyValue; Question; WebPage","5","0","schools/law/legal-studies/llm/index.html"
"https://smru.edu.in/schools/law/legal-studies/phd-law/","/schools/law/legal-studies/phd-law/","200","yes","Ph.D. in Law Admissions 2026, Eligibility, Fees & Syllabus | St.Mary's University","81","Ph.D. in Law admissions 2026 at St.Mary's University Hyderabad: eligibility, duration, fee guidance, syllabus, career pathways, and recommended related...","154","https://smru.edu.in/schools/law/legal-studies/phd-law/","index,follow","en-IN","","Ph.D. in Law","1","yes","1388","1104","8","BreadcrumbList; Course; FAQPage; ItemList; WebPage","Answer; BreadcrumbList; Course; EducationalOrganization; FAQPage; ItemList; ListItem; PropertyValue; Question; WebPage","5","0","schools/law/legal-studies/phd-law/index.html"
"https://smru.edu.in/schools/nursing-sciences/","/schools/nursing-sciences/","200","yes","School of Nursing Admissions 2026 | St.Mary's University","56","Explore admissions 2026, courses, eligibility, and official application updates for School of Nursing. Programs in nursing from undergraduate to...","147","https://smru.edu.in/schools/nursing-sciences/","index,follow","en-IN","","School of Nursing","1","yes","703","419","8","BreadcrumbList; CollectionPage; FAQPage; ItemList","Answer; BreadcrumbList; CollectionPage; Course; EducationalOrganization; FAQPage; ItemList; ListItem; Question","5","0","schools/nursing-sciences/index.html"
"https://smru.edu.in/schools/nursing-sciences/nursing/","/schools/nursing-sciences/nursing/","200","yes","Nursing Admissions 2026 | St.Mary's University","46","Detailed curriculum and admissions 2026 information for Nursing under School of Nursing.","88","https://smru.edu.in/schools/nursing-sciences/nursing/","index,follow","en-IN","","Nursing","1","yes","790","506","7","BreadcrumbList; CollectionPage; FAQPage; ItemList","Answer; BreadcrumbList; CollectionPage; Course; EducationalOrganization; FAQPage; ItemList; ListItem; Question","5","0","schools/nursing-sciences/nursing/index.html"
"https://smru.edu.in/schools/nursing-sciences/nursing/bsc-nursing/","/schools/nursing-sciences/nursing/bsc-nursing/","200","yes","B.Sc. Nursing Admissions 2026, Eligibility, Fees & Syllabus | St.Mary's University","82","B.Sc. Nursing at St.Mary's University Hyderabad: admissions 2026, eligibility, duration, fee guidance, syllabus, career outcomes, and recommended related...","156","https://smru.edu.in/schools/nursing-sciences/nursing/bsc-nursing/","index,follow","en-IN","","B.Sc. Nursing","1","yes","1299","1015","8","BreadcrumbList; Course; FAQPage; ItemList; WebPage","Answer; BreadcrumbList; Course; EducationalOrganization; FAQPage; ItemList; ListItem; PropertyValue; Question; WebPage","5","0","schools/nursing-sciences/nursing/bsc-nursing/index.html"
"https://smru.edu.in/schools/nursing-sciences/nursing/msc-nursing/","/schools/nursing-sciences/nursing/msc-nursing/","200","yes","M.Sc. Nursing Admissions 2026, Eligibility, Fees & Syllabus | St.Mary's University","82","M.Sc. Nursing at St.Mary's University Hyderabad: admissions 2026, eligibility, duration, fee guidance, syllabus, career outcomes, and recommended related...","156","https://smru.edu.in/schools/nursing-sciences/nursing/msc-nursing/","index,follow","en-IN","","M.Sc. Nursing","1","yes","1299","1015","8","BreadcrumbList; Course; FAQPage; ItemList; WebPage","Answer; BreadcrumbList; Course; EducationalOrganization; FAQPage; ItemList; ListItem; PropertyValue; Question; WebPage","5","0","schools/nursing-sciences/nursing/msc-nursing/index.html"
"https://smru.edu.in/schools/psychology/","/schools/psychology/","200","yes","School of Psychology Admissions 2026 | St.Mary's University","59","Explore admissions 2026, courses, eligibility, and official application updates for School of Psychology. The School of Psychology at St.Mary's University...","157","https://smru.edu.in/schools/psychology/","index,follow","en-IN","","School of Psychology","1","yes","1077","793","10","BreadcrumbList; CollectionPage; FAQPage; ItemList","Answer; BreadcrumbList; CollectionPage; Course; EducationalOrganization; FAQPage; ItemList; ListItem; Question","5","0","schools/psychology/index.html"
"https://smru.edu.in/schools/psychology/applied-psychology-behavioural-health/","/schools/psychology/applied-psychology-behavioural-health/","200","yes","Applied Psychology & Behavioral | St.Mary's University","54","Focuses on the practical application of psychological science in corporate, educational, and digital spaces. Students learn to use behavioral metrics to...","155","https://smru.edu.in/schools/psychology/applied-psychology-behavioural-health/","index,follow","en-IN","","Applied Psychology & Behavioral Health","1","yes","1141","857","7","BreadcrumbList; CollectionPage; FAQPage; ItemList","Answer; BreadcrumbList; CollectionPage; Course; EducationalOrganization; FAQPage; ItemList; ListItem; Question","5","0","schools/psychology/applied-psychology-behavioural-health/index.html"
"https://smru.edu.in/schools/psychology/applied-psychology-behavioural-health/b-psychology-applied-behavioural/","/schools/psychology/applied-psychology-behavioural-health/b-psychology-applied-behavioural/","200","yes","B.Psychology Admissions 2026, Eligibility, Fees & Syllabus | St.Mary's University","81","B.Psychology admissions 2026 at St.Mary's University Hyderabad: eligibility, duration, fee guidance, syllabus, career pathways, and recommended related...","154","https://smru.edu.in/schools/psychology/applied-psychology-behavioural-health/b-psychology-applied-behavioural/","index,follow","en-IN","","B.Psychology","1","yes","1640","1356","8","BreadcrumbList; Course; FAQPage; ItemList; WebPage","Answer; BreadcrumbList; Course; EducationalOrganization; FAQPage; ItemList; ListItem; PropertyValue; Question; WebPage","5","0","schools/psychology/applied-psychology-behavioural-health/b-psychology-applied-behavioural/index.html"
"https://smru.edu.in/schools/psychology/applied-psychology-behavioural-health/bmpsw/","/schools/psychology/applied-psychology-behavioural-health/bmpsw/","200","yes","Bachelor of Medical and Psychiatric Social Work (B.MPSW) | St.Mary's University","79","Bachelor of Medical and Psychiatric Social Work (B.MPSW) at St.Mary's University Hyderabad: admissions 2026, eligibility, duration, fee guidance, syllabus,...","158","https://smru.edu.in/schools/psychology/applied-psychology-behavioural-health/bmpsw/","index,follow","en-IN","","Bachelor of Medical and Psychiatric Social Work (B.MPSW)","1","yes","1639","1355","8","BreadcrumbList; Course; FAQPage; ItemList; WebPage","Answer; BreadcrumbList; Course; EducationalOrganization; FAQPage; ItemList; ListItem; PropertyValue; Question; WebPage","5","0","schools/psychology/applied-psychology-behavioural-health/bmpsw/index.html"
"https://smru.edu.in/schools/psychology/applied-psychology-behavioural-health/m-psychology-applied-behavioural/","/schools/psychology/applied-psychology-behavioural-health/m-psychology-applied-behavioural/","200","yes","M.Psychology Admissions 2026, Eligibility, Fees & Syllabus | St.Mary's University","81","M.Psychology admissions 2026 at St.Mary's University Hyderabad: eligibility, duration, fee guidance, syllabus, career pathways, and recommended related...","154","https://smru.edu.in/schools/psychology/applied-psychology-behavioural-health/m-psychology-applied-behavioural/","index,follow","en-IN","","M.Psychology","1","yes","1642","1358","9","BreadcrumbList; Course; FAQPage; ItemList; WebPage","Answer; BreadcrumbList; Course; EducationalOrganization; FAQPage; ItemList; ListItem; PropertyValue; Question; WebPage","5","0","schools/psychology/applied-psychology-behavioural-health/m-psychology-applied-behavioural/index.html"
"https://smru.edu.in/schools/psychology/applied-psychology-behavioural-health/mmsw/","/schools/psychology/applied-psychology-behavioural-health/mmsw/","200","yes","Master of Medical and Social Work (M.MSW) Admissions 2026 | St.Mary's University","80","Master of Medical and Social Work (M.MSW) at St.Mary's University Hyderabad: admissions 2026, eligibility, duration, fee guidance, syllabus, career...","150","https://smru.edu.in/schools/psychology/applied-psychology-behavioural-health/mmsw/","index,follow","en-IN","","Master of Medical and Social Work (M.MSW)","1","yes","1623","1339","8","BreadcrumbList; Course; FAQPage; ItemList; WebPage","Answer; BreadcrumbList; Course; EducationalOrganization; FAQPage; ItemList; ListItem; PropertyValue; Question; WebPage","5","0","schools/psychology/applied-psychology-behavioural-health/mmsw/index.html"
"https://smru.edu.in/schools/psychology/applied-psychology-behavioural-health/mpsw/","/schools/psychology/applied-psychology-behavioural-health/mpsw/","200","yes","Master of Psychiatric Social Work (M.PSW) Admissions 2026 | St.Mary's University","80","Master of Psychiatric Social Work (M.PSW) at St.Mary's University Hyderabad: admissions 2026, eligibility, duration, fee guidance, syllabus, career...","150","https://smru.edu.in/schools/psychology/applied-psychology-behavioural-health/mpsw/","index,follow","en-IN","","Master of Psychiatric Social Work (M.PSW)","1","yes","1607","1323","8","BreadcrumbList; Course; FAQPage; ItemList; WebPage","Answer; BreadcrumbList; Course; EducationalOrganization; FAQPage; ItemList; ListItem; PropertyValue; Question; WebPage","5","0","schools/psychology/applied-psychology-behavioural-health/mpsw/index.html"
"https://smru.edu.in/schools/psychology/applied-psychology-behavioural-health/phd-applied-psychology/","/schools/psychology/applied-psychology-behavioural-health/phd-applied-psychology/","200","yes","Ph.D. Applied Psychology Admissions 2026, Eligibility | St.Mary's University","76","Ph.D. Applied Psychology at St.Mary's University Hyderabad: admissions 2026, eligibility, duration, fee guidance, syllabus, career outcomes, and recommended...","159","https://smru.edu.in/schools/psychology/applied-psychology-behavioural-health/phd-applied-psychology/","index,follow","en-IN","","Ph.D. Applied Psychology","1","yes","1522","1238","8","BreadcrumbList; Course; FAQPage; ItemList; WebPage","Answer; BreadcrumbList; Course; EducationalOrganization; FAQPage; ItemList; ListItem; PropertyValue; Question; WebPage","5","0","schools/psychology/applied-psychology-behavioural-health/phd-applied-psychology/index.html"
"https://smru.edu.in/schools/psychology/applied-psychology-behavioural-health/phd-psychology/","/schools/psychology/applied-psychology-behavioural-health/phd-psychology/","200","yes","Ph.D. Psychology Admissions 2026, Eligibility, Fees | St.Mary's University","74","Ph.D. Psychology at St.Mary's University Hyderabad: admissions 2026, eligibility, duration, fee guidance, syllabus, career outcomes, and recommended related...","159","https://smru.edu.in/schools/psychology/applied-psychology-behavioural-health/phd-psychology/","index,follow","en-IN","","Ph.D. Psychology","1","yes","1506","1222","8","BreadcrumbList; Course; FAQPage; ItemList; WebPage","Answer; BreadcrumbList; Course; EducationalOrganization; FAQPage; ItemList; ListItem; PropertyValue; Question; WebPage","5","0","schools/psychology/applied-psychology-behavioural-health/phd-psychology/index.html"
"https://smru.edu.in/schools/psychology/clinical-psychology/","/schools/psychology/clinical-psychology/","200","yes","Clinical Psychology Admissions 2026 | St.Mary's University","58","The Department of Clinical Psychology focuses on the science of diagnosing and managing mental health disorders through direct clinical exposure. Students...","157","https://smru.edu.in/schools/psychology/clinical-psychology/","index,follow","en-IN","","Clinical Psychology","1","yes","999","715","7","BreadcrumbList; CollectionPage; FAQPage; ItemList","Answer; BreadcrumbList; CollectionPage; Course; EducationalOrganization; FAQPage; ItemList; ListItem; Question","5","0","schools/psychology/clinical-psychology/index.html"
"https://smru.edu.in/schools/psychology/clinical-psychology/bsc-clinical-psychology/","/schools/psychology/clinical-psychology/bsc-clinical-psychology/","200","yes","B.Sc. Clinical Psychology Admissions 2026, Eligibility | St.Mary's University","77","B.Sc. Clinical Psychology admissions 2026 at St.Mary's University Hyderabad: eligibility, duration, fee guidance, syllabus, career pathways, and recommended...","159","https://smru.edu.in/schools/psychology/clinical-psychology/bsc-clinical-psychology/","index,follow","en-IN","","B.Sc. Clinical Psychology","1","yes","1676","1392","9","BreadcrumbList; Course; FAQPage; ItemList; WebPage","Answer; BreadcrumbList; Course; EducationalOrganization; FAQPage; ItemList; ListItem; PropertyValue; Question; WebPage","5","0","schools/psychology/clinical-psychology/bsc-clinical-psychology/index.html"
"https://smru.edu.in/schools/psychology/clinical-psychology/ma-clinical-psychology/","/schools/psychology/clinical-psychology/ma-clinical-psychology/","200","yes","M.A. Clinical Psychology Admissions 2026, Eligibility | St.Mary's University","76","M.A. Clinical Psychology admissions 2026 at St.Mary's University Hyderabad: eligibility, duration, fee guidance, syllabus, career pathways, and recommended...","158","https://smru.edu.in/schools/psychology/clinical-psychology/ma-clinical-psychology/","index,follow","en-IN","","M.A. Clinical Psychology","1","yes","1672","1388","9","BreadcrumbList; Course; FAQPage; ItemList; WebPage","Answer; BreadcrumbList; Course; EducationalOrganization; FAQPage; ItemList; ListItem; PropertyValue; Question; WebPage","5","0","schools/psychology/clinical-psychology/ma-clinical-psychology/index.html"
"https://smru.edu.in/schools/psychology/clinical-psychology/phd-clinical-psychology/","/schools/psychology/clinical-psychology/phd-clinical-psychology/","200","yes","Ph.D. Clinical Psychology Admissions 2026, Eligibility | St.Mary's University","77","Ph.D. Clinical Psychology at St.Mary's University Hyderabad: admissions 2026, eligibility, duration, fee guidance, syllabus, career outcomes, and...","148","https://smru.edu.in/schools/psychology/clinical-psychology/phd-clinical-psychology/","index,follow","en-IN","","Ph.D. Clinical Psychology","1","yes","1501","1217","8","BreadcrumbList; Course; FAQPage; ItemList; WebPage","Answer; BreadcrumbList; Course; EducationalOrganization; FAQPage; ItemList; ListItem; PropertyValue; Question; WebPage","5","0","schools/psychology/clinical-psychology/phd-clinical-psychology/index.html"
"https://smru.edu.in/schools/psychology/clinical-psychology/professional-diploma-clinical-psychology/","/schools/psychology/clinical-psychology/professional-diploma-clinical-psychology/","200","yes","PDCP Admissions 2026, Eligibility, Fees & Syllabus | St.Mary's University","73","PDCP at St.Mary's University Hyderabad: admissions 2026, eligibility, duration, fee guidance, syllabus, career outcomes, and recommended related courses....","156","https://smru.edu.in/schools/psychology/clinical-psychology/professional-diploma-clinical-psychology/","index,follow","en-IN","","PDCP","1","yes","1479","1195","8","BreadcrumbList; Course; FAQPage; ItemList; WebPage","Answer; BreadcrumbList; Course; EducationalOrganization; FAQPage; ItemList; ListItem; PropertyValue; Question; WebPage","5","0","schools/psychology/clinical-psychology/professional-diploma-clinical-psychology/index.html"
"https://smru.edu.in/schools/psychology/rehabilitation-psychology/","/schools/psychology/rehabilitation-psychology/","200","yes","Rehabilitation Psychology Admissions | St.Mary's University","59","This department specializes in helping individuals with chronic disabilities adapt to cognitive and physical challenges. Training focuses on vocational...","154","https://smru.edu.in/schools/psychology/rehabilitation-psychology/","index,follow","en-IN","","Rehabilitation Psychology","1","yes","888","604","7","BreadcrumbList; CollectionPage; FAQPage; ItemList","Answer; BreadcrumbList; CollectionPage; Course; EducationalOrganization; FAQPage; ItemList; ListItem; Question","5","0","schools/psychology/rehabilitation-psychology/index.html"
"https://smru.edu.in/schools/psychology/rehabilitation-psychology/pg-diploma-rehabilitation-psychology/","/schools/psychology/rehabilitation-psychology/pg-diploma-rehabilitation-psychology/","200","yes","PGDRP Admissions 2026, Eligibility, Fees & Syllabus | St.Mary's University","74","PGDRP at St.Mary's University Hyderabad: admissions 2026, eligibility, duration, fee guidance, syllabus, career outcomes, and recommended related courses....","157","https://smru.edu.in/schools/psychology/rehabilitation-psychology/pg-diploma-rehabilitation-psychology/","index,follow","en-IN","","PGDRP","1","yes","1481","1197","8","BreadcrumbList; Course; FAQPage; ItemList; WebPage","Answer; BreadcrumbList; Course; EducationalOrganization; FAQPage; ItemList; ListItem; PropertyValue; Question; WebPage","5","0","schools/psychology/rehabilitation-psychology/pg-diploma-rehabilitation-psychology/index.html"
"https://smru.edu.in/schools/psychology/rehabilitation-psychology/phd-rehabilitation-psychology/","/schools/psychology/rehabilitation-psychology/phd-rehabilitation-psychology/","200","yes","Ph.D. Rehabilitation Psychology Admissions 2026 | St.Mary's University","70","Ph.D. Rehabilitation Psychology at St.Mary's University Hyderabad: admissions 2026, eligibility, duration, fee guidance, syllabus, career outcomes, and...","154","https://smru.edu.in/schools/psychology/rehabilitation-psychology/phd-rehabilitation-psychology/","index,follow","en-IN","","Ph.D. Rehabilitation Psychology","1","yes","1498","1214","8","BreadcrumbList; Course; FAQPage; ItemList; WebPage","Answer; BreadcrumbList; Course; EducationalOrganization; FAQPage; ItemList; ListItem; PropertyValue; Question; WebPage","5","0","schools/psychology/rehabilitation-psychology/phd-rehabilitation-psychology/index.html"
"https://smru.edu.in/schools/rehabilitation-sciences/","/schools/rehabilitation-sciences/","200","yes","School of Rehabilitation Sciences | St.Mary's University","56","Explore admissions 2026, courses, eligibility, and official application updates for School of Rehabilitation Sciences. The School of Rehabilitation Sciences...","159","https://smru.edu.in/schools/rehabilitation-sciences/","index,follow","en-IN","","School of Rehabilitation Sciences","1","yes","918","634","8","BreadcrumbList; CollectionPage; FAQPage; ItemList","Answer; BreadcrumbList; CollectionPage; Course; EducationalOrganization; FAQPage; ItemList; ListItem; Question","5","0","schools/rehabilitation-sciences/index.html"
"https://smru.edu.in/schools/rehabilitation-sciences/audiology-speech-sciences/","/schools/rehabilitation-sciences/audiology-speech-sciences/","200","yes","Audiology & Speech-Language | St.Mary's University","50","Detailed curriculum and admissions 2026 information for Audiology & Speech-Language Pathology under School of Rehabilitation Sciences.","134","https://smru.edu.in/schools/rehabilitation-sciences/audiology-speech-sciences/","index,follow","en-IN","","Audiology & Speech-Language Pathology","1","yes","949","665","7","BreadcrumbList; CollectionPage; FAQPage; ItemList","Answer; BreadcrumbList; CollectionPage; Course; EducationalOrganization; FAQPage; ItemList; ListItem; Question","5","0","schools/rehabilitation-sciences/audiology-speech-sciences/index.html"
"https://smru.edu.in/schools/rehabilitation-sciences/audiology-speech-sciences/baslp/","/schools/rehabilitation-sciences/audiology-speech-sciences/baslp/","200","yes","BASLP Admissions 2026, Eligibility, Fees & Syllabus | St.Mary's University","74","BASLP admissions 2026 at St.Mary's University Hyderabad: eligibility, duration, fee guidance, syllabus, career pathways, and recommended related courses....","156","https://smru.edu.in/schools/rehabilitation-sciences/audiology-speech-sciences/baslp/","index,follow","en-IN","","BASLP","1","yes","1548","1264","9","BreadcrumbList; Course; FAQPage; ItemList; WebPage","Answer; BreadcrumbList; Course; EducationalOrganization; FAQPage; ItemList; ListItem; PropertyValue; Question; WebPage","5","0","schools/rehabilitation-sciences/audiology-speech-sciences/baslp/index.html"
"https://smru.edu.in/schools/rehabilitation-sciences/audiology-speech-sciences/mao/","/schools/rehabilitation-sciences/audiology-speech-sciences/mao/","200","yes","M.Sc. in Audiology (MAO) Admissions 2026, Eligibility | St.Mary's University","76","M.Sc. in Audiology (MAO) at St.Mary's University Hyderabad: admissions 2026, eligibility, duration, fee guidance, syllabus, career outcomes, and recommended...","159","https://smru.edu.in/schools/rehabilitation-sciences/audiology-speech-sciences/mao/","index,follow","en-IN","","M.Sc. in Audiology (MAO)","1","yes","1499","1215","8","BreadcrumbList; Course; FAQPage; ItemList; WebPage","Answer; BreadcrumbList; Course; EducationalOrganization; FAQPage; ItemList; ListItem; PropertyValue; Question; WebPage","5","0","schools/rehabilitation-sciences/audiology-speech-sciences/mao/index.html"
"https://smru.edu.in/schools/rehabilitation-sciences/audiology-speech-sciences/msc-audiology/","/schools/rehabilitation-sciences/audiology-speech-sciences/msc-audiology/","200","yes","M.Sc. Audiology Admissions 2026, Eligibility, Fees | St.Mary's University","73","M.Sc. Audiology at St.Mary's University Hyderabad: admissions 2026, eligibility, duration, fee guidance, syllabus, career outcomes, and recommended related...","158","https://smru.edu.in/schools/rehabilitation-sciences/audiology-speech-sciences/msc-audiology/","index,follow","en-IN","","M.Sc. Audiology","1","yes","1472","1188","8","BreadcrumbList; Course; FAQPage; ItemList; WebPage","Answer; BreadcrumbList; Course; EducationalOrganization; FAQPage; ItemList; ListItem; PropertyValue; Question; WebPage","5","0","schools/rehabilitation-sciences/audiology-speech-sciences/msc-audiology/index.html"
"https://smru.edu.in/schools/rehabilitation-sciences/audiology-speech-sciences/phd-audiology/","/schools/rehabilitation-sciences/audiology-speech-sciences/phd-audiology/","200","yes","Ph.D. Audiology Admissions 2026, Eligibility, Fees | St.Mary's University","73","Ph.D. Audiology at St.Mary's University Hyderabad: admissions 2026, eligibility, duration, fee guidance, syllabus, career outcomes, and recommended related...","158","https://smru.edu.in/schools/rehabilitation-sciences/audiology-speech-sciences/phd-audiology/","index,follow","en-IN","","Ph.D. Audiology","1","yes","1478","1194","8","BreadcrumbList; Course; FAQPage; ItemList; WebPage","Answer; BreadcrumbList; Course; EducationalOrganization; FAQPage; ItemList; ListItem; PropertyValue; Question; WebPage","5","0","schools/rehabilitation-sciences/audiology-speech-sciences/phd-audiology/index.html"
"https://smru.edu.in/schools/rehabilitation-sciences/audiology-speech-sciences/phd-speech-hearing/","/schools/rehabilitation-sciences/audiology-speech-sciences/phd-speech-hearing/","200","yes","Ph.D. Speech & Hearing Admissions 2026, Eligibility, Fees | St.Mary's University","80","Ph.D. Speech & Hearing at St.Mary's University Hyderabad: admissions 2026, eligibility, duration, fee guidance, syllabus, career outcomes, and recommended...","157","https://smru.edu.in/schools/rehabilitation-sciences/audiology-speech-sciences/phd-speech-hearing/","index,follow","en-IN","","Ph.D. Speech & Hearing","1","yes","1510","1226","8","BreadcrumbList; Course; FAQPage; ItemList; WebPage","Answer; BreadcrumbList; Course; EducationalOrganization; FAQPage; ItemList; ListItem; PropertyValue; Question; WebPage","5","0","schools/rehabilitation-sciences/audiology-speech-sciences/phd-speech-hearing/index.html"
"https://smru.edu.in/schools/rehabilitation-sciences/inclusive-education/","/schools/rehabilitation-sciences/inclusive-education/","200","yes","Special & Inclusive Education | St.Mary's University","52","Detailed curriculum and admissions 2026 information for Special & Inclusive Education under School of Rehabilitation Sciences.","126","https://smru.edu.in/schools/rehabilitation-sciences/inclusive-education/","index,follow","en-IN","","Special & Inclusive Education","1","yes","964","680","7","BreadcrumbList; CollectionPage; FAQPage; ItemList","Answer; BreadcrumbList; CollectionPage; Course; EducationalOrganization; FAQPage; ItemList; ListItem; Question","5","0","schools/rehabilitation-sciences/inclusive-education/index.html"
"https://smru.edu.in/schools/rehabilitation-sciences/inclusive-education/ba-bed-special-inclusive-education/","/schools/rehabilitation-sciences/inclusive-education/ba-bed-special-inclusive-education/","200","yes","B.A. B.Ed. Admissions 2026, Eligibility, Fees & Syllabus | St.Mary's University","79","B.A. B.Ed. at St.Mary's University Hyderabad: admissions 2026, eligibility, duration, fee guidance, syllabus, career outcomes, and recommended related...","153","https://smru.edu.in/schools/rehabilitation-sciences/inclusive-education/ba-bed-special-inclusive-education/","index,follow","en-IN","","B.A. B.Ed.","1","yes","1475","1191","8","BreadcrumbList; Course; FAQPage; ItemList; WebPage","Answer; BreadcrumbList; Course; EducationalOrganization; FAQPage; ItemList; ListItem; PropertyValue; Question; WebPage","5","0","schools/rehabilitation-sciences/inclusive-education/ba-bed-special-inclusive-education/index.html"
"https://smru.edu.in/schools/rehabilitation-sciences/inclusive-education/bcom-bed-special-inclusive-education/","/schools/rehabilitation-sciences/inclusive-education/bcom-bed-special-inclusive-education/","200","yes","B.Com. B.Ed. Admissions 2026, Eligibility, Fees & Syllabus | St.Mary's University","81","B.Com. B.Ed. at St.Mary's University Hyderabad: admissions 2026, eligibility, duration, fee guidance, syllabus, career outcomes, and recommended related...","155","https://smru.edu.in/schools/rehabilitation-sciences/inclusive-education/bcom-bed-special-inclusive-education/","index,follow","en-IN","","B.Com. B.Ed.","1","yes","1475","1191","8","BreadcrumbList; Course; FAQPage; ItemList; WebPage","Answer; BreadcrumbList; Course; EducationalOrganization; FAQPage; ItemList; ListItem; PropertyValue; Question; WebPage","5","0","schools/rehabilitation-sciences/inclusive-education/bcom-bed-special-inclusive-education/index.html"
"https://smru.edu.in/schools/rehabilitation-sciences/inclusive-education/bsc-bed-special-inclusive-education/","/schools/rehabilitation-sciences/inclusive-education/bsc-bed-special-inclusive-education/","200","yes","B.Sc. B.Ed. Admissions 2026, Eligibility, Fees & Syllabus | St.Mary's University","80","B.Sc. B.Ed. at St.Mary's University Hyderabad: admissions 2026, eligibility, duration, fee guidance, syllabus, career outcomes, and recommended related...","154","https://smru.edu.in/schools/rehabilitation-sciences/inclusive-education/bsc-bed-special-inclusive-education/","index,follow","en-IN","","B.Sc. B.Ed.","1","yes","1475","1191","8","BreadcrumbList; Course; FAQPage; ItemList; WebPage","Answer; BreadcrumbList; Course; EducationalOrganization; FAQPage; ItemList; ListItem; PropertyValue; Question; WebPage","5","0","schools/rehabilitation-sciences/inclusive-education/bsc-bed-special-inclusive-education/index.html"
"https://smru.edu.in/schools/rehabilitation-sciences/inclusive-education/phd-inclusive-education/","/schools/rehabilitation-sciences/inclusive-education/phd-inclusive-education/","200","yes","Ph.D. Inclusive Education Admissions 2026, Eligibility | St.Mary's University","77","Ph.D. Inclusive Education at St.Mary's University Hyderabad: admissions 2026, eligibility, duration, fee guidance, syllabus, career outcomes, and...","148","https://smru.edu.in/schools/rehabilitation-sciences/inclusive-education/phd-inclusive-education/","index,follow","en-IN","","Ph.D. Inclusive Education","1","yes","1493","1209","8","BreadcrumbList; Course; FAQPage; ItemList; WebPage","Answer; BreadcrumbList; Course; EducationalOrganization; FAQPage; ItemList; ListItem; PropertyValue; Question; WebPage","5","0","schools/rehabilitation-sciences/inclusive-education/phd-inclusive-education/index.html"
"https://smru.edu.in/schools/rehabilitation-sciences/inclusive-education/phd-special-education/","/schools/rehabilitation-sciences/inclusive-education/phd-special-education/","200","yes","Ph.D. Special Education Admissions 2026, Eligibility, Fees | St.Mary's University","81","Ph.D. Special Education at St.Mary's University Hyderabad: admissions 2026, eligibility, duration, fee guidance, syllabus, career outcomes, and recommended...","158","https://smru.edu.in/schools/rehabilitation-sciences/inclusive-education/phd-special-education/","index,follow","en-IN","","Ph.D. Special Education","1","yes","1493","1209","8","BreadcrumbList; Course; FAQPage; ItemList; WebPage","Answer; BreadcrumbList; Course; EducationalOrganization; FAQPage; ItemList; ListItem; PropertyValue; Question; WebPage","5","0","schools/rehabilitation-sciences/inclusive-education/phd-special-education/index.html"
"https://smru.edu.in/schools/rehabilitation-sciences/prosthetics-orthotics/","/schools/rehabilitation-sciences/prosthetics-orthotics/","200","yes","Prosthetics Orthotics Admissions 2026 | St.Mary's University","60","Detailed curriculum and admissions 2026 information for Prosthetics Orthotics under School of Rehabilitation Sciences.","118","https://smru.edu.in/schools/rehabilitation-sciences/prosthetics-orthotics/","index,follow","en-IN","","Prosthetics Orthotics","1","yes","828","544","7","BreadcrumbList; CollectionPage; FAQPage; ItemList","Answer; BreadcrumbList; CollectionPage; Course; EducationalOrganization; FAQPage; ItemList; ListItem; Question","5","0","schools/rehabilitation-sciences/prosthetics-orthotics/index.html"
"https://smru.edu.in/schools/rehabilitation-sciences/prosthetics-orthotics/bpo/","/schools/rehabilitation-sciences/prosthetics-orthotics/bpo/","200","yes","BPO Admissions 2026, Eligibility, Fees & Syllabus | St.Mary's University","72","BPO at St.Mary's University Hyderabad: admissions 2026, eligibility, duration, fee guidance, syllabus, career outcomes, and recommended related courses....","155","https://smru.edu.in/schools/rehabilitation-sciences/prosthetics-orthotics/bpo/","index,follow","en-IN","","BPO","1","yes","1440","1156","8","BreadcrumbList; Course; FAQPage; ItemList; WebPage","Answer; BreadcrumbList; Course; EducationalOrganization; FAQPage; ItemList; ListItem; PropertyValue; Question; WebPage","5","0","schools/rehabilitation-sciences/prosthetics-orthotics/bpo/index.html"
"https://smru.edu.in/schools/rehabilitation-sciences/prosthetics-orthotics/mpo/","/schools/rehabilitation-sciences/prosthetics-orthotics/mpo/","200","yes","MPO Admissions 2026, Eligibility, Fees & Syllabus | St.Mary's University","72","MPO at St.Mary's University Hyderabad: admissions 2026, eligibility, duration, fee guidance, syllabus, career outcomes, and recommended related courses....","155","https://smru.edu.in/schools/rehabilitation-sciences/prosthetics-orthotics/mpo/","index,follow","en-IN","","MPO","1","yes","1435","1151","8","BreadcrumbList; Course; FAQPage; ItemList; WebPage","Answer; BreadcrumbList; Course; EducationalOrganization; FAQPage; ItemList; ListItem; PropertyValue; Question; WebPage","5","0","schools/rehabilitation-sciences/prosthetics-orthotics/mpo/index.html"
"https://smru.edu.in/search/","/search/","200","no","Search St.Mary's University Website | St.Mary's University","58","Search St.Mary's University website for schools, departments, programmes, admissions, campus information, law programmes, and public information pages.","151","https://smru.edu.in/search/","noindex,follow","en-IN","","","0","yes","284","0","7","","","0","0","search/index.html"
"https://smru.edu.in/seo/admissions-open-college-hyderabad/","/seo/admissions-open-college-hyderabad/","200","yes","Admissions Open College Hyderabad | St.Mary's University","56","Use official St.Marys University routes to verify Admissions open college Hyderabad claims before relying on rankings, fees or outcomes.","136","https://smru.edu.in/seo/admissions-open-college-hyderabad/","index,follow","en-IN","","Admissions Open College Hyderabad Guide","1","yes","693","409","21","BreadcrumbList; FAQPage; WebPage","Answer; BreadcrumbList; FAQPage; ListItem; Question; WebPage","3","0","seo/admissions-open-college-hyderabad/index.html"
"https://smru.edu.in/seo/allied-health-sciences-college-hyderabad/","/seo/allied-health-sciences-college-hyderabad/","200","yes","Allied Health Sciences College | St.Mary's University","53","Use official St.Marys University routes to verify Allied health sciences college Hyderabad claims before relying on rankings, fees or outcomes.","143","https://smru.edu.in/seo/allied-health-sciences-college-hyderabad/","index,follow","en-IN","","Allied Health Sciences College Hyderabad Guide","1","yes","696","412","21","BreadcrumbList; FAQPage; WebPage","Answer; BreadcrumbList; FAQPage; ListItem; Question; WebPage","3","0","seo/allied-health-sciences-college-hyderabad/index.html"
"https://smru.edu.in/seo/baslp-college-hyderabad/","/seo/baslp-college-hyderabad/","200","yes","BASLP College Hyderabad Guide | St.Mary's University","52","Use official St.Marys University routes to verify BASLP college Hyderabad claims before relying on rankings, fees or outcomes.","126","https://smru.edu.in/seo/baslp-college-hyderabad/","index,follow","en-IN","","BASLP College Hyderabad Guide","1","yes","690","406","21","BreadcrumbList; FAQPage; WebPage","Answer; BreadcrumbList; FAQPage; ListItem; Question; WebPage","3","0","seo/baslp-college-hyderabad/index.html"
"https://smru.edu.in/seo/best-allied-health-sciences-university-india/","/seo/best-allied-health-sciences-university-india/","200","no","Best Allied Health Sciences | St.Mary's University","50","Use official St.Marys University routes to verify Best allied health sciences university in India claims before relying on rankings, fees or outcomes.","150","https://smru.edu.in/seo/best-allied-health-sciences-university-india/","noindex,follow","en-IN","","Best Allied Health Sciences University In India?...","1","yes","730","446","22","BreadcrumbList; FAQPage; WebPage","Answer; BreadcrumbList; FAQPage; ListItem; Question; WebPage","3","0","seo/best-allied-health-sciences-university-india/index.html"
"https://smru.edu.in/seo/best-baslp-college-india/","/seo/best-baslp-college-india/","200","no","Best BASLP College In India? Verify | St.Mary's University","58","Check BASLP with this course guide using official St.Marys University routes before applying.","93","https://smru.edu.in/seo/best-baslp-college-india/","noindex,follow","en-IN","","Best BASLP College In India? Verify First","1","yes","721","437","17","BreadcrumbList; FAQPage; WebPage","Answer; BreadcrumbList; FAQPage; ListItem; Question; WebPage","3","0","seo/best-baslp-college-india/index.html"
"https://smru.edu.in/seo/best-bpt-college-india/","/seo/best-bpt-college-india/","200","no","Best BPT College In India? Verify | St.Mary's University","56","Check BPT with this course guide using official St.Marys University routes before applying.","91","https://smru.edu.in/seo/best-bpt-college-india/","noindex,follow","en-IN","","Best BPT College In India? Verify First","1","yes","727","443","17","BreadcrumbList; FAQPage; WebPage","Answer; BreadcrumbList; FAQPage; ListItem; Question; WebPage","3","0","seo/best-bpt-college-india/index.html"
"https://smru.edu.in/seo/best-bsc-nursing-college-india/","/seo/best-bsc-nursing-college-india/","200","no","Best B.Sc Nursing College In India? | St.Mary's University","58","Check B.Sc. Nursing with this course guide using official St.Marys University routes before applying.","101","https://smru.edu.in/seo/best-bsc-nursing-college-india/","noindex,follow","en-IN","","Best B.Sc Nursing College In India? Verify First","1","yes","725","441","17","BreadcrumbList; FAQPage; WebPage","Answer; BreadcrumbList; FAQPage; ListItem; Question; WebPage","3","0","seo/best-bsc-nursing-college-india/index.html"
"https://smru.edu.in/seo/best-btech-cse-college-india/","/seo/best-btech-cse-college-india/","200","no","Best B.Tech CSE College In India? | St.Mary's University","56","Check B.Tech CSE with this course guide using official St.Marys University routes before applying.","98","https://smru.edu.in/seo/best-btech-cse-college-india/","noindex,follow","en-IN","","Best B.Tech CSE College In India? Verify First","1","yes","731","447","17","BreadcrumbList; FAQPage; WebPage","Answer; BreadcrumbList; FAQPage; ListItem; Question; WebPage","3","0","seo/best-btech-cse-college-india/index.html"
"https://smru.edu.in/seo/best-college-in-hyderabad-checklist/","/seo/best-college-in-hyderabad-checklist/","200","no","Best College In Hyderabad? Verify | St.Mary's University","56","Use official St.Marys University routes to verify Best college in Hyderabad claims before relying on rankings, fees or outcomes.","128","https://smru.edu.in/seo/best-college-in-hyderabad-checklist/","noindex,follow","en-IN","","Best College In Hyderabad? Verify First","1","yes","694","410","21","BreadcrumbList; FAQPage; WebPage","Answer; BreadcrumbList; FAQPage; ListItem; Question; WebPage","3","0","seo/best-college-in-hyderabad-checklist/index.html"
"https://smru.edu.in/seo/best-college-in-india-checklist/","/seo/best-college-in-india-checklist/","200","no","Best College In India? Verify First | St.Mary's University","58","Use official St.Marys University routes to verify Best college in India claims before relying on rankings, fees or outcomes.","124","https://smru.edu.in/seo/best-college-in-india-checklist/","noindex,follow","en-IN","","Best College In India? Verify First","1","yes","723","439","22","BreadcrumbList; FAQPage; WebPage","Answer; BreadcrumbList; FAQPage; ListItem; Question; WebPage","3","0","seo/best-college-in-india-checklist/index.html"
"https://smru.edu.in/seo/best-college-in-telangana-checklist/","/seo/best-college-in-telangana-checklist/","200","no","Best College In Telangana? Verify | St.Mary's University","56","Use official St.Marys University routes to verify Best college in Telangana claims before relying on rankings, fees or outcomes.","128","https://smru.edu.in/seo/best-college-in-telangana-checklist/","noindex,follow","en-IN","","Best College In Telangana? Verify First","1","yes","694","410","21","BreadcrumbList; FAQPage; WebPage","Answer; BreadcrumbList; FAQPage; ListItem; Question; WebPage","3","0","seo/best-college-in-telangana-checklist/index.html"
"https://smru.edu.in/seo/best-college-scholarships-india/","/seo/best-college-scholarships-india/","200","no","Best College With Scholarships In | St.Mary's University","56","Use official St.Marys University routes to verify Best college with scholarships in India claims before relying on rankings, fees or outcomes.","142","https://smru.edu.in/seo/best-college-scholarships-india/","noindex,follow","en-IN","","Best College With Scholarships In India? Verify First","1","yes","730","446","22","BreadcrumbList; FAQPage; WebPage","Answer; BreadcrumbList; FAQPage; ListItem; Question; WebPage","3","0","seo/best-college-scholarships-india/index.html"
"https://smru.edu.in/seo/best-engineering-university-india/","/seo/best-engineering-university-india/","200","no","Best Engineering University In | St.Mary's University","53","Use official St.Marys University routes to verify Best engineering university in India claims before relying on rankings, fees or outcomes.","139","https://smru.edu.in/seo/best-engineering-university-india/","noindex,follow","en-IN","","Best Engineering University In India? Verify First","1","yes","726","442","22","BreadcrumbList; FAQPage; WebPage","Answer; BreadcrumbList; FAQPage; ListItem; Question; WebPage","3","0","seo/best-engineering-university-india/index.html"
"https://smru.edu.in/seo/best-forensic-science-university-india/","/seo/best-forensic-science-university-india/","200","no","Best University For Forensic Science | St.Mary's University","59","Check B.Sc. Forensic Science with this course guide using official St.Marys University routes before applying.","110","https://smru.edu.in/seo/best-forensic-science-university-india/","noindex,follow","en-IN","","Best University For Forensic Science India? Verify First","1","yes","738","454","17","BreadcrumbList; FAQPage; WebPage","Answer; BreadcrumbList; FAQPage; ListItem; Question; WebPage","3","0","seo/best-forensic-science-university-india/index.html"
"https://smru.edu.in/seo/best-health-sciences-university-india/","/seo/best-health-sciences-university-india/","200","no","Best Health Sciences University In | St.Mary's University","57","Use official St.Marys University routes to verify Best health sciences university in India claims before relying on rankings, fees or outcomes.","143","https://smru.edu.in/seo/best-health-sciences-university-india/","noindex,follow","en-IN","","Best Health Sciences University In India? Verify First","1","yes","729","445","22","BreadcrumbList; FAQPage; WebPage","Answer; BreadcrumbList; FAQPage; ListItem; Question; WebPage","3","0","seo/best-health-sciences-university-india/index.html"
"https://smru.edu.in/seo/best-inclusive-education-university-india/","/seo/best-inclusive-education-university-india/","200","no","Best University For Inclusive | St.Mary's University","52","Use official St.Marys University routes to verify Best university for inclusive education India claims before relying on rankings, fees or outcomes.","148","https://smru.edu.in/seo/best-inclusive-education-university-india/","noindex,follow","en-IN","","Best University For Inclusive Education India? Verify...","1","yes","729","445","22","BreadcrumbList; FAQPage; WebPage","Answer; BreadcrumbList; FAQPage; ListItem; Question; WebPage","3","0","seo/best-inclusive-education-university-india/index.html"
"https://smru.edu.in/seo/best-law-college-india/","/seo/best-law-college-india/","200","no","Best Law College In India? Verify | St.Mary's University","56","Use official St.Marys University routes to verify Best law college in India claims before relying on rankings, fees or outcomes.","128","https://smru.edu.in/seo/best-law-college-india/","noindex,follow","en-IN","","Best Law College In India? Verify First","1","yes","727","443","22","BreadcrumbList; FAQPage; WebPage","Answer; BreadcrumbList; FAQPage; ListItem; Question; WebPage","3","0","seo/best-law-college-india/index.html"
"https://smru.edu.in/seo/best-law-university-india/","/seo/best-law-university-india/","200","no","Best Law University In India? Verify | St.Mary's University","59","Use official St.Marys University routes to verify Best law university in India claims before relying on rankings, fees or outcomes.","131","https://smru.edu.in/seo/best-law-university-india/","noindex,follow","en-IN","","Best Law University In India? Verify First","1","yes","726","442","22","BreadcrumbList; FAQPage; WebPage","Answer; BreadcrumbList; FAQPage; ListItem; Question; WebPage","3","0","seo/best-law-university-india/index.html"
"https://smru.edu.in/seo/best-nursing-university-india/","/seo/best-nursing-university-india/","200","no","Best Nursing University In India? | St.Mary's University","56","Use official St.Marys University routes to verify Best nursing university in India claims before relying on rankings, fees or outcomes.","135","https://smru.edu.in/seo/best-nursing-university-india/","noindex,follow","en-IN","","Best Nursing University In India? Verify First","1","yes","726","442","22","BreadcrumbList; FAQPage; WebPage","Answer; BreadcrumbList; FAQPage; ListItem; Question; WebPage","3","0","seo/best-nursing-university-india/index.html"
"https://smru.edu.in/seo/best-psychology-university-india/","/seo/best-psychology-university-india/","200","no","Best Psychology University In India? | St.Mary's University","59","Use official St.Marys University routes to verify Best psychology university in India claims before relying on rankings, fees or outcomes.","138","https://smru.edu.in/seo/best-psychology-university-india/","noindex,follow","en-IN","","Best Psychology University In India? Verify First","1","yes","726","442","22","BreadcrumbList; FAQPage; WebPage","Answer; BreadcrumbList; FAQPage; ListItem; Question; WebPage","3","0","seo/best-psychology-university-india/index.html"
"https://smru.edu.in/seo/best-rehabilitation-university-india/","/seo/best-rehabilitation-university-india/","200","no","Best Rehabilitation University In | St.Mary's University","56","Use official St.Marys University routes to verify Best rehabilitation university in India claims before relying on rankings, fees or outcomes.","142","https://smru.edu.in/seo/best-rehabilitation-university-india/","noindex,follow","en-IN","","Best Rehabilitation University In India? Verify First","1","yes","726","442","22","BreadcrumbList; FAQPage; WebPage","Answer; BreadcrumbList; FAQPage; ListItem; Question; WebPage","3","0","seo/best-rehabilitation-university-india/index.html"
"https://smru.edu.in/seo/best-university-campus-facilities-india/","/seo/best-university-campus-facilities-india/","200","no","Best University With Campus | St.Mary's University","50","Use official St.Marys University routes to verify Best university with campus facilities India claims before relying on rankings, fees or outcomes.","147","https://smru.edu.in/seo/best-university-campus-facilities-india/","noindex,follow","en-IN","","Best University With Campus Facilities India? Verify First","1","yes","730","446","22","BreadcrumbList; FAQPage; WebPage","Answer; BreadcrumbList; FAQPage; ListItem; Question; WebPage","3","0","seo/best-university-campus-facilities-india/index.html"
"https://smru.edu.in/seo/best-university-in-hyderabad-checklist/","/seo/best-university-in-hyderabad-checklist/","200","no","Best University In Hyderabad? Verify | St.Mary's University","59","Use official St.Marys University routes to verify Best university in Hyderabad claims before relying on rankings, fees or outcomes.","131","https://smru.edu.in/seo/best-university-in-hyderabad-checklist/","noindex,follow","en-IN","","Best University In Hyderabad? Verify First","1","yes","694","410","21","BreadcrumbList; FAQPage; WebPage","Answer; BreadcrumbList; FAQPage; ListItem; Question; WebPage","3","0","seo/best-university-in-hyderabad-checklist/index.html"
"https://smru.edu.in/seo/best-university-in-india-checklist/","/seo/best-university-in-india-checklist/","200","no","Best University In India? Verify | St.Mary's University","55","Use official St.Marys University routes to verify Best university in India claims before relying on rankings, fees or outcomes.","127","https://smru.edu.in/seo/best-university-in-india-checklist/","noindex,follow","en-IN","","Best University In India? Verify First","1","yes","723","439","22","BreadcrumbList; FAQPage; WebPage","Answer; BreadcrumbList; FAQPage; ListItem; Question; WebPage","3","0","seo/best-university-in-india-checklist/index.html"
"https://smru.edu.in/seo/best-university-in-telangana-checklist/","/seo/best-university-in-telangana-checklist/","200","no","Best University In Telangana? Verify | St.Mary's University","59","Use official St.Marys University routes to verify Best university in Telangana claims before relying on rankings, fees or outcomes.","131","https://smru.edu.in/seo/best-university-in-telangana-checklist/","noindex,follow","en-IN","","Best University In Telangana? Verify First","1","yes","694","410","21","BreadcrumbList; FAQPage; WebPage","Answer; BreadcrumbList; FAQPage; ListItem; Question; WebPage","3","0","seo/best-university-in-telangana-checklist/index.html"
"https://smru.edu.in/seo/best-university-near-hyderabad-india/","/seo/best-university-near-hyderabad-india/","200","no","Best University Near Hyderabad | St.Mary's University","53","Use official St.Marys University routes to verify Best university near Hyderabad India claims before relying on rankings, fees or outcomes.","139","https://smru.edu.in/seo/best-university-near-hyderabad-india/","noindex,follow","en-IN","","Best University Near Hyderabad India? Verify First","1","yes","698","414","21","BreadcrumbList; FAQPage; WebPage","Answer; BreadcrumbList; FAQPage; ListItem; Question; WebPage","3","0","seo/best-university-near-hyderabad-india/index.html"
"https://smru.edu.in/seo/bpt-college-hyderabad/","/seo/bpt-college-hyderabad/","200","yes","BPT College Hyderabad Guide | St.Mary's University","50","Use official St.Marys University routes to verify BPT college Hyderabad claims before relying on rankings, fees or outcomes.","124","https://smru.edu.in/seo/bpt-college-hyderabad/","index,follow","en-IN","","BPT College Hyderabad Guide","1","yes","690","406","21","BreadcrumbList; FAQPage; WebPage","Answer; BreadcrumbList; FAQPage; ListItem; Question; WebPage","3","0","seo/bpt-college-hyderabad/index.html"
"https://smru.edu.in/seo/bsc-nursing-college-hyderabad/","/seo/bsc-nursing-college-hyderabad/","200","yes","B.Sc Nursing College Hyderabad Guide | St.Mary's University","59","Use official St.Marys University routes to verify B.Sc Nursing college Hyderabad claims before relying on rankings, fees or outcomes.","133","https://smru.edu.in/seo/bsc-nursing-college-hyderabad/","index,follow","en-IN","","B.Sc Nursing College Hyderabad Guide","1","yes","693","409","21","BreadcrumbList; FAQPage; WebPage","Answer; BreadcrumbList; FAQPage; ListItem; Question; WebPage","3","0","seo/bsc-nursing-college-hyderabad/index.html"
"https://smru.edu.in/seo/btech-cse-college-hyderabad/","/seo/btech-cse-college-hyderabad/","200","yes","B.Tech CSE College Hyderabad Guide | St.Mary's University","57","Use official St.Marys University routes to verify B.Tech CSE college Hyderabad claims before relying on rankings, fees or outcomes.","131","https://smru.edu.in/seo/btech-cse-college-hyderabad/","index,follow","en-IN","","B.Tech CSE College Hyderabad Guide","1","yes","693","409","21","BreadcrumbList; FAQPage; WebPage","Answer; BreadcrumbList; FAQPage; ListItem; Question; WebPage","3","0","seo/btech-cse-college-hyderabad/index.html"
"https://smru.edu.in/seo/campus-tour-university-hyderabad/","/seo/campus-tour-university-hyderabad/","200","yes","Campus Tour University Hyderabad | St.Mary's University","55","Use official St.Marys University routes to verify Campus tour university Hyderabad claims before relying on rankings, fees or outcomes.","135","https://smru.edu.in/seo/campus-tour-university-hyderabad/","index,follow","en-IN","","Campus Tour University Hyderabad Guide","1","yes","693","409","21","BreadcrumbList; FAQPage; WebPage","Answer; BreadcrumbList; FAQPage; ListItem; Question; WebPage","3","0","seo/campus-tour-university-hyderabad/index.html"
"https://smru.edu.in/seo/college-in-deshmukhi-hyderabad/","/seo/college-in-deshmukhi-hyderabad/","200","yes","College In Deshmukhi Hyderabad Guide | St.Mary's University","59","Use official St.Marys University routes to verify College in Deshmukhi Hyderabad claims before relying on rankings, fees or outcomes.","133","https://smru.edu.in/seo/college-in-deshmukhi-hyderabad/","index,follow","en-IN","","College In Deshmukhi Hyderabad Guide","1","yes","694","410","21","BreadcrumbList; FAQPage; WebPage","Answer; BreadcrumbList; FAQPage; ListItem; Question; WebPage","3","0","seo/college-in-deshmukhi-hyderabad/index.html"
"https://smru.edu.in/seo/colleges-near-ramoji-film-city/","/seo/colleges-near-ramoji-film-city/","200","yes","Colleges Near Ramoji Film City Guide | St.Mary's University","59","Use official St.Marys University routes to verify Colleges near Ramoji Film City claims before relying on rankings, fees or outcomes.","133","https://smru.edu.in/seo/colleges-near-ramoji-film-city/","index,follow","en-IN","","Colleges Near Ramoji Film City Guide","1","yes","697","413","21","BreadcrumbList; FAQPage; WebPage","Answer; BreadcrumbList; FAQPage; ListItem; Question; WebPage","3","0","seo/colleges-near-ramoji-film-city/index.html"
"https://smru.edu.in/seo/engineering-college-hyderabad/","/seo/engineering-college-hyderabad/","200","yes","Engineering College Hyderabad Guide | St.Mary's University","58","Use official St.Marys University routes to verify Engineering college Hyderabad claims before relying on rankings, fees or outcomes.","132","https://smru.edu.in/seo/engineering-college-hyderabad/","index,follow","en-IN","","Engineering College Hyderabad Guide","1","yes","690","406","21","BreadcrumbList; FAQPage; WebPage","Answer; BreadcrumbList; FAQPage; ListItem; Question; WebPage","3","0","seo/engineering-college-hyderabad/index.html"
"https://smru.edu.in/seo/fastest-growing-university-india-checklist/","/seo/fastest-growing-university-india-checklist/","200","no","Fastest Growing University In India | St.Mary's University","58","Use official St.Marys University routes to verify Fastest growing university in India claims before relying on rankings, fees or outcomes.","138","https://smru.edu.in/seo/fastest-growing-university-india-checklist/","noindex,follow","en-IN","","Fastest Growing University In India Guide","1","yes","726","442","22","BreadcrumbList; FAQPage; WebPage","Answer; BreadcrumbList; FAQPage; ListItem; Question; WebPage","3","0","seo/fastest-growing-university-india-checklist/index.html"
"https://smru.edu.in/seo/health-sciences-university-hyderabad/","/seo/health-sciences-university-hyderabad/","200","yes","Health Sciences University Hyderabad | St.Mary's University","59","Use official St.Marys University routes to verify Health sciences university Hyderabad claims before relying on rankings, fees or outcomes.","139","https://smru.edu.in/seo/health-sciences-university-hyderabad/","index,follow","en-IN","","Health Sciences University Hyderabad Guide","1","yes","693","409","21","BreadcrumbList; FAQPage; WebPage","Answer; BreadcrumbList; FAQPage; ListItem; Question; WebPage","3","0","seo/health-sciences-university-hyderabad/index.html"
"https://smru.edu.in/seo/highest-salary-package-college-checklist/","/seo/highest-salary-package-college-checklist/","200","no","Highest Salary Package College? | St.Mary's University","54","Use official St.Marys University routes to verify Highest salary package college claims before relying on rankings, fees or outcomes.","133","https://smru.edu.in/seo/highest-salary-package-college-checklist/","noindex,follow","en-IN","","Highest Salary Package College? Verify First","1","yes","724","440","22","BreadcrumbList; FAQPage; WebPage","Answer; BreadcrumbList; FAQPage; ListItem; Question; WebPage","3","0","seo/highest-salary-package-college-checklist/index.html"
"https://smru.edu.in/seo/indias-first-university-claim-checklist/","/seo/indias-first-university-claim-checklist/","200","no","India's First University? Verify | St.Mary's University","55","Use official St.Marys University routes to verify India's first university claims before relying on rankings, fees or outcomes.","127","https://smru.edu.in/seo/indias-first-university-claim-checklist/","noindex,follow","en-IN","","India's First University? Verify First","1","yes","721","437","22","BreadcrumbList; FAQPage; WebPage","Answer; BreadcrumbList; FAQPage; ListItem; Question; WebPage","3","0","seo/indias-first-university-claim-checklist/index.html"
"https://smru.edu.in/seo/law-college-hyderabad/","/seo/law-college-hyderabad/","200","yes","Law College Hyderabad Guide | St.Mary's University","50","Use official St.Marys University routes to verify Law college Hyderabad claims before relying on rankings, fees or outcomes.","124","https://smru.edu.in/seo/law-college-hyderabad/","index,follow","en-IN","","Law College Hyderabad Guide","1","yes","690","406","21","BreadcrumbList; FAQPage; WebPage","Answer; BreadcrumbList; FAQPage; ListItem; Question; WebPage","3","0","seo/law-college-hyderabad/index.html"
"https://smru.edu.in/seo/llb-college-hyderabad/","/seo/llb-college-hyderabad/","200","yes","LLB College Hyderabad Guide | St.Mary's University","50","Use official St.Marys University routes to verify LLB college Hyderabad claims before relying on rankings, fees or outcomes.","124","https://smru.edu.in/seo/llb-college-hyderabad/","index,follow","en-IN","","LLB College Hyderabad Guide","1","yes","690","406","21","BreadcrumbList; FAQPage; WebPage","Answer; BreadcrumbList; FAQPage; ListItem; Question; WebPage","3","0","seo/llb-college-hyderabad/index.html"
"https://smru.edu.in/seo/no1-college-in-india-checklist/","/seo/no1-college-in-india-checklist/","200","no","No.1 College In India? Verify First | St.Mary's University","58","Use official St.Marys University routes to verify No.1 college in India claims before relying on rankings, fees or outcomes.","124","https://smru.edu.in/seo/no1-college-in-india-checklist/","noindex,follow","en-IN","","No.1 College In India? Verify First","1","yes","723","439","22","BreadcrumbList; FAQPage; WebPage","Answer; BreadcrumbList; FAQPage; ListItem; Question; WebPage","3","0","seo/no1-college-in-india-checklist/index.html"
"https://smru.edu.in/seo/no1-private-university-india-checklist/","/seo/no1-private-university-india-checklist/","200","no","No.1 Private University In India? | St.Mary's University","56","Use official St.Marys University routes to verify No.1 private university in India claims before relying on rankings, fees or outcomes.","135","https://smru.edu.in/seo/no1-private-university-india-checklist/","noindex,follow","en-IN","","No.1 Private University In India? Verify First","1","yes","726","442","22","BreadcrumbList; FAQPage; WebPage","Answer; BreadcrumbList; FAQPage; ListItem; Question; WebPage","3","0","seo/no1-private-university-india-checklist/index.html"
"https://smru.edu.in/seo/nursing-college-hyderabad/","/seo/nursing-college-hyderabad/","200","yes","Nursing College Hyderabad Guide | St.Mary's University","54","Use official St.Marys University routes to verify Nursing college Hyderabad claims before relying on rankings, fees or outcomes.","128","https://smru.edu.in/seo/nursing-college-hyderabad/","index,follow","en-IN","","Nursing College Hyderabad Guide","1","yes","690","406","21","BreadcrumbList; FAQPage; WebPage","Answer; BreadcrumbList; FAQPage; ListItem; Question; WebPage","3","0","seo/nursing-college-hyderabad/index.html"
"https://smru.edu.in/seo/placement-guarantee-college-checklist/","/seo/placement-guarantee-college-checklist/","200","no","100% Placement Guaranteed College? | St.Mary's University","57","Use official St.Marys University routes to verify 100% placement guaranteed college claims before relying on rankings, fees or outcomes.","136","https://smru.edu.in/seo/placement-guarantee-college-checklist/","noindex,follow","en-IN","","100% Placement Guaranteed College? Verify First","1","yes","724","440","22","BreadcrumbList; FAQPage; WebPage","Answer; BreadcrumbList; FAQPage; ListItem; Question; WebPage","3","0","seo/placement-guarantee-college-checklist/index.html"
"https://smru.edu.in/seo/private-university-in-hyderabad/","/seo/private-university-in-hyderabad/","200","yes","Private University In Hyderabad Guide | St.Mary's University","60","Use official St.Marys University routes to verify Private university in Hyderabad claims before relying on rankings, fees or outcomes.","134","https://smru.edu.in/seo/private-university-in-hyderabad/","index,follow","en-IN","","Private University In Hyderabad Guide","1","yes","693","409","21","BreadcrumbList; FAQPage; WebPage","Answer; BreadcrumbList; FAQPage; ListItem; Question; WebPage","3","0","seo/private-university-in-hyderabad/index.html"
"https://smru.edu.in/seo/private-university-in-telangana/","/seo/private-university-in-telangana/","200","yes","Private University In Telangana Guide | St.Mary's University","60","Use official St.Marys University routes to verify Private university in Telangana claims before relying on rankings, fees or outcomes.","134","https://smru.edu.in/seo/private-university-in-telangana/","index,follow","en-IN","","Private University In Telangana Guide","1","yes","693","409","21","BreadcrumbList; FAQPage; WebPage","Answer; BreadcrumbList; FAQPage; ListItem; Question; WebPage","3","0","seo/private-university-in-telangana/index.html"
"https://smru.edu.in/seo/psychology-college-hyderabad/","/seo/psychology-college-hyderabad/","200","yes","Psychology College Hyderabad Guide | St.Mary's University","57","Use official St.Marys University routes to verify Psychology college Hyderabad claims before relying on rankings, fees or outcomes.","131","https://smru.edu.in/seo/psychology-college-hyderabad/","index,follow","en-IN","","Psychology College Hyderabad Guide","1","yes","690","406","21","BreadcrumbList; FAQPage; WebPage","Answer; BreadcrumbList; FAQPage; ListItem; Question; WebPage","3","0","seo/psychology-college-hyderabad/index.html"
"https://smru.edu.in/seo/rehabilitation-university-hyderabad/","/seo/rehabilitation-university-hyderabad/","200","yes","Rehabilitation University Hyderabad | St.Mary's University","58","Use official St.Marys University routes to verify Rehabilitation university Hyderabad claims before relying on rankings, fees or outcomes.","138","https://smru.edu.in/seo/rehabilitation-university-hyderabad/","index,follow","en-IN","","Rehabilitation University Hyderabad Guide","1","yes","690","406","21","BreadcrumbList; FAQPage; WebPage","Answer; BreadcrumbList; FAQPage; ListItem; Question; WebPage","3","0","seo/rehabilitation-university-hyderabad/index.html"
"https://smru.edu.in/seo/top-college-in-hyderabad-checklist/","/seo/top-college-in-hyderabad-checklist/","200","no","Top College In Hyderabad? Verify | St.Mary's University","55","Use official St.Marys University routes to verify Top college in Hyderabad claims before relying on rankings, fees or outcomes.","127","https://smru.edu.in/seo/top-college-in-hyderabad-checklist/","noindex,follow","en-IN","","Top College In Hyderabad? Verify First","1","yes","694","410","21","BreadcrumbList; FAQPage; WebPage","Answer; BreadcrumbList; FAQPage; ListItem; Question; WebPage","3","0","seo/top-college-in-hyderabad-checklist/index.html"
"https://smru.edu.in/seo/top-college-in-india-checklist/","/seo/top-college-in-india-checklist/","200","no","Top College In India? Verify First | St.Mary's University","57","Use official St.Marys University routes to verify Top college in India claims before relying on rankings, fees or outcomes.","123","https://smru.edu.in/seo/top-college-in-india-checklist/","noindex,follow","en-IN","","Top College In India? Verify First","1","yes","723","439","22","BreadcrumbList; FAQPage; WebPage","Answer; BreadcrumbList; FAQPage; ListItem; Question; WebPage","3","0","seo/top-college-in-india-checklist/index.html"
"https://smru.edu.in/seo/top-college-in-telangana-checklist/","/seo/top-college-in-telangana-checklist/","200","no","Top College In Telangana? Verify | St.Mary's University","55","Use official St.Marys University routes to verify Top college in Telangana claims before relying on rankings, fees or outcomes.","127","https://smru.edu.in/seo/top-college-in-telangana-checklist/","noindex,follow","en-IN","","Top College In Telangana? Verify First","1","yes","694","410","21","BreadcrumbList; FAQPage; WebPage","Answer; BreadcrumbList; FAQPage; ListItem; Question; WebPage","3","0","seo/top-college-in-telangana-checklist/index.html"
"https://smru.edu.in/seo/top-private-university-admissions-india/","/seo/top-private-university-admissions-india/","200","no","Top Private University Admissions | St.Mary's University","56","Use official St.Marys University routes to verify Top private university admissions India claims before relying on rankings, fees or outcomes.","142","https://smru.edu.in/seo/top-private-university-admissions-india/","noindex,follow","en-IN","","Top Private University Admissions India? Verify First","1","yes","696","412","21","BreadcrumbList; FAQPage; WebPage","Answer; BreadcrumbList; FAQPage; ListItem; Question; WebPage","3","0","seo/top-private-university-admissions-india/index.html"
"https://smru.edu.in/seo/top-rehabilitation-university-india/","/seo/top-rehabilitation-university-india/","200","no","Top Rehabilitation University In | St.Mary's University","55","Use official St.Marys University routes to verify Top rehabilitation university in India claims before relying on rankings, fees or outcomes.","141","https://smru.edu.in/seo/top-rehabilitation-university-india/","noindex,follow","en-IN","","Top Rehabilitation University In India? Verify First","1","yes","726","442","22","BreadcrumbList; FAQPage; WebPage","Answer; BreadcrumbList; FAQPage; ListItem; Question; WebPage","3","0","seo/top-rehabilitation-university-india/index.html"
"https://smru.edu.in/seo/top-university-healthcare-courses-india/","/seo/top-university-healthcare-courses-india/","200","no","Top University For Healthcare | St.Mary's University","52","Check Top university for healthcare courses India with this course guide using official St.Marys University routes before applying.","131","https://smru.edu.in/seo/top-university-healthcare-courses-india/","noindex,follow","en-IN","","Top University For Healthcare Courses India? Verify First","1","yes","750","466","20","BreadcrumbList; FAQPage; WebPage","Answer; BreadcrumbList; FAQPage; ListItem; Question; WebPage","3","0","seo/top-university-healthcare-courses-india/index.html"
"https://smru.edu.in/seo/top-university-in-hyderabad-checklist/","/seo/top-university-in-hyderabad-checklist/","200","no","Top University In Hyderabad? Verify | St.Mary's University","58","Use official St.Marys University routes to verify Top university in Hyderabad claims before relying on rankings, fees or outcomes.","130","https://smru.edu.in/seo/top-university-in-hyderabad-checklist/","noindex,follow","en-IN","","Top University In Hyderabad? Verify First","1","yes","694","410","21","BreadcrumbList; FAQPage; WebPage","Answer; BreadcrumbList; FAQPage; ListItem; Question; WebPage","3","0","seo/top-university-in-hyderabad-checklist/index.html"
"https://smru.edu.in/seo/top-university-in-india-checklist/","/seo/top-university-in-india-checklist/","200","no","Top University In India? Verify First | St.Mary's University","60","Use official St.Marys University routes to verify Top university in India claims before relying on rankings, fees or outcomes.","126","https://smru.edu.in/seo/top-university-in-india-checklist/","noindex,follow","en-IN","","Top University In India? Verify First","1","yes","723","439","22","BreadcrumbList; FAQPage; WebPage","Answer; BreadcrumbList; FAQPage; ListItem; Question; WebPage","3","0","seo/top-university-in-india-checklist/index.html"
"https://smru.edu.in/seo/top-university-in-telangana-checklist/","/seo/top-university-in-telangana-checklist/","200","no","Top University In Telangana? Verify | St.Mary's University","58","Use official St.Marys University routes to verify Top university in Telangana claims before relying on rankings, fees or outcomes.","130","https://smru.edu.in/seo/top-university-in-telangana-checklist/","noindex,follow","en-IN","","Top University In Telangana? Verify First","1","yes","694","410","21","BreadcrumbList; FAQPage; WebPage","Answer; BreadcrumbList; FAQPage; ListItem; Question; WebPage","3","0","seo/top-university-in-telangana-checklist/index.html"
"https://smru.edu.in/seo/ugc-recognized-university-hyderabad/","/seo/ugc-recognized-university-hyderabad/","200","yes","UGC Recognized University In | St.Mary's University","51","Use official St.Marys University routes to verify UGC recognized university in Hyderabad claims before relying on rankings, fees or outcomes.","141","https://smru.edu.in/seo/ugc-recognized-university-hyderabad/","index,follow","en-IN","","UGC Recognized University In Hyderabad Guide","1","yes","696","412","21","BreadcrumbList; FAQPage; WebPage","Answer; BreadcrumbList; FAQPage; ListItem; Question; WebPage","3","0","seo/ugc-recognized-university-hyderabad/index.html"
"https://smru.edu.in/seo/ugc-recognized-university-telangana/","/seo/ugc-recognized-university-telangana/","200","yes","UGC Recognized University In | St.Mary's University","51","Use official St.Marys University routes to verify UGC recognized university in Telangana claims before relying on rankings, fees or outcomes.","141","https://smru.edu.in/seo/ugc-recognized-university-telangana/","index,follow","en-IN","","UGC Recognized University In Telangana Guide","1","yes","696","412","21","BreadcrumbList; FAQPage; WebPage","Answer; BreadcrumbList; FAQPage; ListItem; Question; WebPage","3","0","seo/ugc-recognized-university-telangana/index.html"
"https://smru.edu.in/seo/university-in-yadadri-bhuvanagiri/","/seo/university-in-yadadri-bhuvanagiri/","200","yes","University In Yadadri Bhuvanagiri | St.Mary's University","56","Use official St.Marys University routes to verify University in Yadadri Bhuvanagiri claims before relying on rankings, fees or outcomes.","136","https://smru.edu.in/seo/university-in-yadadri-bhuvanagiri/","index,follow","en-IN","","University In Yadadri Bhuvanagiri Guide","1","yes","723","439","22","BreadcrumbList; FAQPage; WebPage","Answer; BreadcrumbList; FAQPage; ListItem; Question; WebPage","3","0","seo/university-in-yadadri-bhuvanagiri/index.html"
"https://smru.edu.in/seo/university-near-ramoji-film-city/","/seo/university-near-ramoji-film-city/","200","yes","University Near Ramoji Film City | St.Mary's University","55","Use official St.Marys University routes to verify University near Ramoji Film City claims before relying on rankings, fees or outcomes.","135","https://smru.edu.in/seo/university-near-ramoji-film-city/","index,follow","en-IN","","University Near Ramoji Film City Guide","1","yes","697","413","21","BreadcrumbList; FAQPage; WebPage","Answer; BreadcrumbList; FAQPage; ListItem; Question; WebPage","3","0","seo/university-near-ramoji-film-city/index.html"
"https://smru.edu.in/skilgen/","/skilgen/","200","yes","Skilgen Tech | St.Mary's University","35","Redirecting to Skilgen Tech | St.Mary's University.","51","https://smru.edu.in/partner/skilgen/","noindex,follow","en-IN","","","0","yes","106","0","1","","","0","0","skilgen/index.html"
"https://smru.edu.in/sponsor-society/","/sponsor-society/","200","yes","Sponsor Society & Legacy | St.Mary's University","47","Sponsor body and public legacy reference for Joseph Sriharsha & Mary Indraja Educational Society and St.Mary's University.","122","https://smru.edu.in/sponsor-society/","index,follow","en-IN","","Sponsor Society & Legacy","1","yes","519","235","9","BreadcrumbList; FAQPage; WebPage","Answer; BreadcrumbList; FAQPage; ListItem; Question; WebPage","3","0","sponsor-society/index.html"
"https://smru.edu.in/statutory-disclosures/","/statutory-disclosures/","200","no","Statutory Disclosures | St.Mary's University","44","Public statutory disclosure index for St.Mary's University approvals, recognition, policies, and institutional information.","123","https://smru.edu.in/statutory-disclosures/","index,follow","en-IN","","Statutory Disclosures","1","yes","725","441","6","BreadcrumbList; FAQPage; WebPage","Answer; BreadcrumbList; FAQPage; ListItem; Question; WebPage","3","0","statutory-disclosures/index.html"
"https://smru.edu.in/Stmarys-facts/","/Stmarys-facts/","200","yes","St.Mary's University Facts | St.Mary's University","49","Factual reference for St.Mary's University: official website, public brand, legal name, short-name alias, location, and important public routes.","144","https://smru.edu.in/Stmarys-facts/","index,follow","en-IN","","St.Mary's University Facts | St.Mary's University","1","yes","511","227","26","BreadcrumbList; FAQPage; WebPage","Answer; BreadcrumbList; FAQPage; ListItem; Question; WebPage","3","0","Stmarys-facts/index.html"
"https://smru.edu.in/Stmarys-hyderabad/","/Stmarys-hyderabad/","200","yes","St.Mary's University Hyderabad | St.Mary's University","53","St.Mary's University Hyderabad refers to St.Mary's University, publicly known as St.Mary's University, located in Hyderabad, Telangana.","135","https://smru.edu.in/Stmarys-hyderabad/","index,follow","en-IN","","St.Mary's University Hyderabad | St.Mary's University","1","yes","481","197","23","BreadcrumbList; FAQPage; WebPage","Answer; BreadcrumbList; FAQPage; ListItem; Question; WebPage","3","0","Stmarys-hyderabad/index.html"
"https://smru.edu.in/Stmarys-university-official/","/Stmarys-university-official/","200","yes","St.Mary's University Official Name | St.Mary's University","57","St.Mary's University is the official/legal name of St.Mary's University, Hyderabad, Telangana.","94","https://smru.edu.in/Stmarys-university-official/","index,follow","en-IN","","St.Mary's University Official Name | St.Mary's University","1","yes","496","212","25","BreadcrumbList; FAQPage; WebPage","Answer; BreadcrumbList; FAQPage; ListItem; Question; WebPage","3","0","Stmarys-university-official/index.html"
"https://smru.edu.in/Stmarys-university/","/Stmarys-university/","200","yes","St.Mary's University","20","St.Mary's University is the public brand used for St.Mary's University, Hyderabad, Telangana.","93","https://smru.edu.in/Stmarys-university/","index,follow","en-IN","","St.Mary's University","1","yes","481","197","21","BreadcrumbList; FAQPage; WebPage","Answer; BreadcrumbList; FAQPage; ListItem; Question; WebPage","3","0","Stmarys-university/index.html"
"https://smru.edu.in/student-guides/admissions-office-hyderabad-university/","/student-guides/admissions-office-hyderabad-university/","200","yes","Admissions Office Hyderabad | St.Mary's University","50","Use official St.Marys University routes to verify Admissions office Hyderabad university claims before relying on rankings, fees or outcomes.","141","https://smru.edu.in/student-guides/admissions-office-hyderabad-university/","index,follow","en-IN","","Admissions Office Hyderabad University Guide","1","yes","693","409","21","BreadcrumbList; FAQPage; WebPage","Answer; BreadcrumbList; FAQPage; ListItem; Question; WebPage","3","0","student-guides/admissions-office-hyderabad-university/index.html"
"https://smru.edu.in/student-guides/allied-health-campus-hyderabad/","/student-guides/allied-health-campus-hyderabad/","200","yes","Allied Health Campus Hyderabad Guide | St.Mary's University","59","Use official St.Marys University routes to verify Allied health campus Hyderabad claims before relying on rankings, fees or outcomes.","133","https://smru.edu.in/student-guides/allied-health-campus-hyderabad/","index,follow","en-IN","","Allied Health Campus Hyderabad Guide","1","yes","693","409","21","BreadcrumbList; FAQPage; WebPage","Answer; BreadcrumbList; FAQPage; ListItem; Question; WebPage","3","0","student-guides/allied-health-campus-hyderabad/index.html"
"https://smru.edu.in/student-guides/assistive-technology-rehabilitation-hyderabad/","/student-guides/assistive-technology-rehabilitation-hyderabad/","200","no","Assistive Technology Rehabilitation | St.Mary's University","58","People searching for assistive technology rehabilitation Hyderabad can contact St.Marys University to verify current rehabilitation-linked support...","149","https://smru.edu.in/student-guides/assistive-technology-rehabilitation-hyderabad/","noindex,follow","en-IN","","Assistive Technology Rehabilitation Hyderabad Guide","1","yes","750","466","20","BreadcrumbList; FAQPage; WebPage","Answer; BreadcrumbList; FAQPage; ListItem; Question; WebPage","3","0","student-guides/assistive-technology-rehabilitation-hyderabad/index.html"
"https://smru.edu.in/student-guides/audiology-services-hyderabad/","/student-guides/audiology-services-hyderabad/","200","no","Audiology Services Hyderabad Guide | St.Mary's University","57","People searching for audiology services Hyderabad can contact St.Marys University to verify current rehabilitation-linked support before visiting.","146","https://smru.edu.in/student-guides/audiology-services-hyderabad/","noindex,follow","en-IN","","Audiology Services Hyderabad Guide","1","yes","749","465","20","BreadcrumbList; FAQPage; WebPage","Answer; BreadcrumbList; FAQPage; ListItem; Question; WebPage","3","0","student-guides/audiology-services-hyderabad/index.html"
"https://smru.edu.in/student-guides/ba-llb-vs-bba-llb/","/student-guides/ba-llb-vs-bba-llb/","200","yes","BA LLB Vs BBA LLB Guide | St.Mary's University","46","Use official St.Marys University routes to verify BA LLB vs BBA LLB claims before relying on rankings, fees or outcomes.","120","https://smru.edu.in/student-guides/ba-llb-vs-bba-llb/","index,follow","en-IN","","BA LLB Vs BBA LLB Guide","1","yes","694","410","19","BreadcrumbList; FAQPage; WebPage","Answer; BreadcrumbList; FAQPage; ListItem; Question; WebPage","3","0","student-guides/ba-llb-vs-bba-llb/index.html"
"https://smru.edu.in/student-guides/baslp-vs-bpt/","/student-guides/baslp-vs-bpt/","200","yes","BASLP Vs BPT Guide | St.Mary's University","41","Use official St.Marys University routes to verify BASLP vs BPT claims before relying on rankings, fees or outcomes.","115","https://smru.edu.in/student-guides/baslp-vs-bpt/","index,follow","en-IN","","BASLP Vs BPT Guide","1","yes","688","404","19","BreadcrumbList; FAQPage; WebPage","Answer; BreadcrumbList; FAQPage; ListItem; Question; WebPage","3","0","student-guides/baslp-vs-bpt/index.html"
"https://smru.edu.in/student-guides/bpo-vs-mpo/","/student-guides/bpo-vs-mpo/","200","yes","BPO Vs MPO Guide | St.Mary's University","39","Use official St.Marys University routes to verify BPO vs MPO claims before relying on rankings, fees or outcomes.","113","https://smru.edu.in/student-guides/bpo-vs-mpo/","index,follow","en-IN","","BPO Vs MPO Guide","1","yes","688","404","19","BreadcrumbList; FAQPage; WebPage","Answer; BreadcrumbList; FAQPage; ListItem; Question; WebPage","3","0","student-guides/bpo-vs-mpo/index.html"
"https://smru.edu.in/student-guides/bpt-vs-bot/","/student-guides/bpt-vs-bot/","200","yes","BPT Vs BOT Guide | St.Mary's University","39","Use official St.Marys University routes to verify BPT vs BOT claims before relying on rankings, fees or outcomes.","113","https://smru.edu.in/student-guides/bpt-vs-bot/","index,follow","en-IN","","BPT Vs BOT Guide","1","yes","688","404","19","BreadcrumbList; FAQPage; WebPage","Answer; BreadcrumbList; FAQPage; ListItem; Question; WebPage","3","0","student-guides/bpt-vs-bot/index.html"
"https://smru.edu.in/student-guides/bsc-nursing-vs-allied-health/","/student-guides/bsc-nursing-vs-allied-health/","200","yes","BSc Nursing Vs Allied Health Guide | St.Mary's University","57","Use official St.Marys University routes to verify BSc Nursing vs allied health claims before relying on rankings, fees or outcomes.","131","https://smru.edu.in/student-guides/bsc-nursing-vs-allied-health/","index,follow","en-IN","","BSc Nursing Vs Allied Health Guide","1","yes","694","410","19","BreadcrumbList; FAQPage; WebPage","Answer; BreadcrumbList; FAQPage; ListItem; Question; WebPage","3","0","student-guides/bsc-nursing-vs-allied-health/index.html"
"https://smru.edu.in/student-guides/btech-cse-vs-cse-ai-ml/","/student-guides/btech-cse-vs-cse-ai-ml/","200","yes","BTech CSE Vs CSE AI ML Guide | St.Mary's University","51","Use official St.Marys University routes to verify BTech CSE vs CSE AI ML claims before relying on rankings, fees or outcomes.","125","https://smru.edu.in/student-guides/btech-cse-vs-cse-ai-ml/","index,follow","en-IN","","BTech CSE Vs CSE AI ML Guide","1","yes","697","413","19","BreadcrumbList; FAQPage; WebPage","Answer; BreadcrumbList; FAQPage; ListItem; Question; WebPage","3","0","student-guides/btech-cse-vs-cse-ai-ml/index.html"
"https://smru.edu.in/student-guides/campus-facilities-comparison-checklist/","/student-guides/campus-facilities-comparison-checklist/","200","yes","Campus Facilities Comparison | St.Mary's University","51","Use official St.Marys University routes to verify Campus facilities comparison checklist claims before relying on rankings, fees or outcomes.","141","https://smru.edu.in/student-guides/campus-facilities-comparison-checklist/","index,follow","en-IN","","Campus Facilities Comparison Checklist Guide","1","yes","721","437","22","BreadcrumbList; FAQPage; WebPage","Answer; BreadcrumbList; FAQPage; ListItem; Question; WebPage","3","0","student-guides/campus-facilities-comparison-checklist/index.html"
"https://smru.edu.in/student-guides/campus-near-ramoji-film-city-admissions/","/student-guides/campus-near-ramoji-film-city-admissions/","200","yes","Campus Near Ramoji Film City | St.Mary's University","51","Use official St.Marys University routes to verify Campus near Ramoji Film City admissions claims before relying on rankings, fees or outcomes.","142","https://smru.edu.in/student-guides/campus-near-ramoji-film-city-admissions/","index,follow","en-IN","","Campus Near Ramoji Film City Admissions Guide","1","yes","697","413","21","BreadcrumbList; FAQPage; WebPage","Answer; BreadcrumbList; FAQPage; ListItem; Question; WebPage","3","0","student-guides/campus-near-ramoji-film-city-admissions/index.html"
"https://smru.edu.in/student-guides/campus-visit-before-admission/","/student-guides/campus-visit-before-admission/","200","yes","Campus Visit Before Admission Guide | St.Mary's University","58","Use official St.Marys University routes to verify Campus visit before admission claims before relying on rankings, fees or outcomes.","132","https://smru.edu.in/student-guides/campus-visit-before-admission/","index,follow","en-IN","","Campus Visit Before Admission Guide","1","yes","691","407","21","BreadcrumbList; FAQPage; WebPage","Answer; BreadcrumbList; FAQPage; ListItem; Question; WebPage","3","0","student-guides/campus-visit-before-admission/index.html"
"https://smru.edu.in/student-guides/campus-with-hostel-hyderabad/","/student-guides/campus-with-hostel-hyderabad/","200","yes","Campus With Hostel Hyderabad Guide | St.Mary's University","57","Use official St.Marys University routes to verify Campus with hostel Hyderabad claims before relying on rankings, fees or outcomes.","131","https://smru.edu.in/student-guides/campus-with-hostel-hyderabad/","index,follow","en-IN","","Campus With Hostel Hyderabad Guide","1","yes","693","409","21","BreadcrumbList; FAQPage; WebPage","Answer; BreadcrumbList; FAQPage; ListItem; Question; WebPage","3","0","student-guides/campus-with-hostel-hyderabad/index.html"
"https://smru.edu.in/student-guides/cardiopulmonary-rehabilitation-hyderabad/","/student-guides/cardiopulmonary-rehabilitation-hyderabad/","200","no","Cardiopulmonary Rehabilitation | St.Mary's University","53","People searching for cardiopulmonary rehabilitation Hyderabad can contact St.Marys University to verify current rehabilitation-linked support...","144","https://smru.edu.in/student-guides/cardiopulmonary-rehabilitation-hyderabad/","noindex,follow","en-IN","","Cardiopulmonary Rehabilitation Hyderabad Guide","1","yes","747","463","20","BreadcrumbList; FAQPage; WebPage","Answer; BreadcrumbList; FAQPage; ListItem; Question; WebPage","3","0","student-guides/cardiopulmonary-rehabilitation-hyderabad/index.html"
"https://smru.edu.in/student-guides/clinical-vs-rehabilitation-psychology/","/student-guides/clinical-vs-rehabilitation-psychology/","200","yes","Clinical Psychology Vs | St.Mary's University","45","Use official St.Marys University routes to verify Clinical Psychology vs Rehabilitation Psychology claims before relying on rankings, fees or...","144","https://smru.edu.in/student-guides/clinical-vs-rehabilitation-psychology/","index,follow","en-IN","","Clinical Psychology Vs Rehabilitation Psychology Guide","1","yes","693","409","19","BreadcrumbList; FAQPage; WebPage","Answer; BreadcrumbList; FAQPage; ListItem; Question; WebPage","3","0","student-guides/clinical-vs-rehabilitation-psychology/index.html"
"https://smru.edu.in/student-guides/college-near-deshmukhi/","/student-guides/college-near-deshmukhi/","200","yes","College Near Deshmukhi Guide | St.Mary's University","51","Use official St.Marys University routes to verify College near Deshmukhi claims before relying on rankings, fees or outcomes.","125","https://smru.edu.in/student-guides/college-near-deshmukhi/","index,follow","en-IN","","College Near Deshmukhi Guide","1","yes","690","406","21","BreadcrumbList; FAQPage; WebPage","Answer; BreadcrumbList; FAQPage; ListItem; Question; WebPage","3","0","student-guides/college-near-deshmukhi/index.html"
"https://smru.edu.in/student-guides/college-near-yadadri-bhuvanagiri/","/student-guides/college-near-yadadri-bhuvanagiri/","200","yes","College Near Yadadri Bhuvanagiri | St.Mary's University","55","Use official St.Marys University routes to verify College near Yadadri Bhuvanagiri claims before relying on rankings, fees or outcomes.","135","https://smru.edu.in/student-guides/college-near-yadadri-bhuvanagiri/","index,follow","en-IN","","College Near Yadadri Bhuvanagiri Guide","1","yes","722","438","22","BreadcrumbList; FAQPage; WebPage","Answer; BreadcrumbList; FAQPage; ListItem; Question; WebPage","3","0","student-guides/college-near-yadadri-bhuvanagiri/index.html"
"https://smru.edu.in/student-guides/community-rehabilitation-hyderabad/","/student-guides/community-rehabilitation-hyderabad/","200","no","Community Rehabilitation Hyderabad | St.Mary's University","57","People searching for community rehabilitation Hyderabad can contact St.Marys University to verify current rehabilitation-linked support before...","145","https://smru.edu.in/student-guides/community-rehabilitation-hyderabad/","noindex,follow","en-IN","","Community Rehabilitation Hyderabad Guide","1","yes","748","464","20","BreadcrumbList; FAQPage; WebPage","Answer; BreadcrumbList; FAQPage; ListItem; Question; WebPage","3","0","student-guides/community-rehabilitation-hyderabad/index.html"
"https://smru.edu.in/student-guides/compare-smru-with-other-universities/","/student-guides/compare-smru-with-other-universities/","200","yes","Compare St.Marys University With | St.Mary's University","55","Use official St.Marys University routes to verify Compare St.Marys University with other universities claims before relying on rankings, fees or...","147","https://smru.edu.in/student-guides/compare-smru-with-other-universities/","index,follow","en-IN","","Compare St.Marys University With Other Universities Guide","1","yes","695","411","24","BreadcrumbList; FAQPage; WebPage","Answer; BreadcrumbList; FAQPage; ListItem; Question; WebPage","3","0","student-guides/compare-smru-with-other-universities/index.html"
"https://smru.edu.in/student-guides/contact-smru-admissions/","/student-guides/contact-smru-admissions/","200","yes","How To Contact St.Marys University | St.Mary's University","57","Use official St.Marys University routes to verify How to contact St.Marys University admissions claims before relying on rankings, fees or outcomes.","148","https://smru.edu.in/student-guides/contact-smru-admissions/","index,follow","en-IN","","How To Contact St.Marys University Admissions Guide","1","yes","702","418","26","BreadcrumbList; FAQPage; WebPage","Answer; BreadcrumbList; FAQPage; ListItem; Question; WebPage","3","0","student-guides/contact-smru-admissions/index.html"
"https://smru.edu.in/student-guides/course-fees-comparison-checklist/","/student-guides/course-fees-comparison-checklist/","200","no","Course Fees Comparison Checklist | St.Mary's University","55","Use official St.Marys University routes to verify Course fees comparison checklist claims before relying on rankings, fees or outcomes.","135","https://smru.edu.in/student-guides/course-fees-comparison-checklist/","noindex,follow","en-IN","","Course Fees Comparison Checklist Guide","1","yes","721","437","22","BreadcrumbList; FAQPage; WebPage","Answer; BreadcrumbList; FAQPage; ListItem; Question; WebPage","3","0","student-guides/course-fees-comparison-checklist/index.html"
"https://smru.edu.in/student-guides/course-selection-before-applying/","/student-guides/course-selection-before-applying/","200","yes","Course Selection Before Applying | St.Mary's University","55","Use official St.Marys University routes to verify Course selection before applying claims before relying on rankings, fees or outcomes.","135","https://smru.edu.in/student-guides/course-selection-before-applying/","index,follow","en-IN","","Course Selection Before Applying Guide","1","yes","690","406","21","BreadcrumbList; FAQPage; WebPage","Answer; BreadcrumbList; FAQPage; ListItem; Question; WebPage","3","0","student-guides/course-selection-before-applying/index.html"
"https://smru.edu.in/student-guides/documents-prove-smru-status/","/student-guides/documents-prove-smru-status/","200","no","What Documents Prove St.Marys | St.Mary's University","52","Use official St.Marys University routes to verify What documents prove St.Marys University status claims before relying on rankings, fees or outcomes.","150","https://smru.edu.in/student-guides/documents-prove-smru-status/","noindex,follow","en-IN","","What Documents Prove St.Marys University Status Guide","1","yes","733","449","27","BreadcrumbList; FAQPage; WebPage","Answer; BreadcrumbList; FAQPage; ListItem; Question; WebPage","3","0","student-guides/documents-prove-smru-status/index.html"
"https://smru.edu.in/student-guides/does-smru-have-hostel/","/student-guides/does-smru-have-hostel/","200","yes","Does St.Marys University Have Hostel | St.Mary's University","59","Use official St.Marys University routes to verify Does St.Marys University have hostel claims before relying on rankings, fees or outcomes.","139","https://smru.edu.in/student-guides/does-smru-have-hostel/","index,follow","en-IN","","Does St.Marys University Have Hostel Guide","1","yes","730","446","27","BreadcrumbList; FAQPage; WebPage","Answer; BreadcrumbList; FAQPage; ListItem; Question; WebPage","3","0","student-guides/does-smru-have-hostel/index.html"
"https://smru.edu.in/student-guides/does-smru-offer-bpt/","/student-guides/does-smru-offer-bpt/","200","yes","Does St.Marys University Offer BPT | St.Mary's University","57","Check BPT with this student FAQ using official St.Marys University routes before applying.","90","https://smru.edu.in/student-guides/does-smru-offer-bpt/","index,follow","en-IN","","Does St.Marys University Offer BPT Guide","1","yes","730","446","20","BreadcrumbList; FAQPage; WebPage","Answer; BreadcrumbList; FAQPage; ListItem; Question; WebPage","3","0","student-guides/does-smru-offer-bpt/index.html"
"https://smru.edu.in/student-guides/does-smru-offer-bsc-nursing/","/student-guides/does-smru-offer-bsc-nursing/","200","yes","Does St.Marys University Offer BSc | St.Mary's University","57","Check B.Sc. Nursing with this student FAQ using official St.Marys University routes before applying.","100","https://smru.edu.in/student-guides/does-smru-offer-bsc-nursing/","index,follow","en-IN","","Does St.Marys University Offer BSc Nursing Guide","1","yes","728","444","20","BreadcrumbList; FAQPage; WebPage","Answer; BreadcrumbList; FAQPage; ListItem; Question; WebPage","3","0","student-guides/does-smru-offer-bsc-nursing/index.html"
"https://smru.edu.in/student-guides/does-smru-offer-btech-cse/","/student-guides/does-smru-offer-btech-cse/","200","yes","Does St.Marys University Offer BTech | St.Mary's University","59","Check B.Tech CSE with this student FAQ using official St.Marys University routes before applying.","97","https://smru.edu.in/student-guides/does-smru-offer-btech-cse/","index,follow","en-IN","","Does St.Marys University Offer BTech CSE Guide","1","yes","734","450","20","BreadcrumbList; FAQPage; WebPage","Answer; BreadcrumbList; FAQPage; ListItem; Question; WebPage","3","0","student-guides/does-smru-offer-btech-cse/index.html"
"https://smru.edu.in/student-guides/does-smru-offer-law-courses/","/student-guides/does-smru-offer-law-courses/","200","yes","Does St.Marys University Offer Law | St.Mary's University","57","Check Does St.Marys University offer law courses with this student FAQ using official St.Marys University routes before applying.","129","https://smru.edu.in/student-guides/does-smru-offer-law-courses/","index,follow","en-IN","","Does St.Marys University Offer Law Courses Guide","1","yes","753","469","27","BreadcrumbList; FAQPage; WebPage","Answer; BreadcrumbList; FAQPage; ListItem; Question; WebPage","3","0","student-guides/does-smru-offer-law-courses/index.html"
"https://smru.edu.in/student-guides/engineering-college-campus-hyderabad/","/student-guides/engineering-college-campus-hyderabad/","200","yes","Engineering College Campus Hyderabad | St.Mary's University","59","Use official St.Marys University routes to verify Engineering college campus Hyderabad claims before relying on rankings, fees or outcomes.","139","https://smru.edu.in/student-guides/engineering-college-campus-hyderabad/","index,follow","en-IN","","Engineering College Campus Hyderabad Guide","1","yes","693","409","21","BreadcrumbList; FAQPage; WebPage","Answer; BreadcrumbList; FAQPage; ListItem; Question; WebPage","3","0","student-guides/engineering-college-campus-hyderabad/index.html"
"https://smru.edu.in/student-guides/forensic-science-vs-medical-lab-technology/","/student-guides/forensic-science-vs-medical-lab-technology/","200","yes","Forensic Science Vs Medical Lab | St.Mary's University","54","Use official St.Marys University routes to verify Forensic Science vs Medical Lab Technology claims before relying on rankings, fees or outcomes.","145","https://smru.edu.in/student-guides/forensic-science-vs-medical-lab-technology/","index,follow","en-IN","","Forensic Science Vs Medical Lab Technology Guide","1","yes","697","413","19","BreadcrumbList; FAQPage; WebPage","Answer; BreadcrumbList; FAQPage; ListItem; Question; WebPage","3","0","student-guides/forensic-science-vs-medical-lab-technology/index.html"
"https://smru.edu.in/student-guides/geriatric-rehabilitation-hyderabad/","/student-guides/geriatric-rehabilitation-hyderabad/","200","no","Geriatric Rehabilitation Hyderabad | St.Mary's University","57","People searching for geriatric rehabilitation Hyderabad can contact St.Marys University to verify current rehabilitation-linked support before...","145","https://smru.edu.in/student-guides/geriatric-rehabilitation-hyderabad/","noindex,follow","en-IN","","Geriatric Rehabilitation Hyderabad Guide","1","yes","748","464","20","BreadcrumbList; FAQPage; WebPage","Answer; BreadcrumbList; FAQPage; ListItem; Question; WebPage","3","0","student-guides/geriatric-rehabilitation-hyderabad/index.html"
"https://smru.edu.in/student-guides/hostel-admission-questions/","/student-guides/hostel-admission-questions/","200","yes","Hostel Admission Questions Guide | St.Mary's University","55","Use official St.Marys University routes to verify Hostel admission questions claims before relying on rankings, fees or outcomes.","129","https://smru.edu.in/student-guides/hostel-admission-questions/","index,follow","en-IN","","Hostel Admission Questions Guide","1","yes","687","403","21","BreadcrumbList; FAQPage; WebPage","Answer; BreadcrumbList; FAQPage; ListItem; Question; WebPage","3","0","student-guides/hostel-admission-questions/index.html"
"https://smru.edu.in/student-guides/hostel-facilities-hyderabad/","/student-guides/hostel-facilities-hyderabad/","200","yes","College Hostel Facilities Hyderabad | St.Mary's University","58","Use official St.Marys University routes to verify College hostel facilities Hyderabad claims before relying on rankings, fees or outcomes.","138","https://smru.edu.in/student-guides/hostel-facilities-hyderabad/","index,follow","en-IN","","College Hostel Facilities Hyderabad Guide","1","yes","693","409","21","BreadcrumbList; FAQPage; WebPage","Answer; BreadcrumbList; FAQPage; ListItem; Question; WebPage","3","0","student-guides/hostel-facilities-hyderabad/index.html"
"https://smru.edu.in/student-guides/how-to-apply-to-smru/","/student-guides/how-to-apply-to-smru/","200","yes","How To Apply To St.Marys University | St.Mary's University","58","Use official St.Marys University routes to verify How to apply to St.Marys University claims before relying on rankings, fees or outcomes.","138","https://smru.edu.in/student-guides/how-to-apply-to-smru/","index,follow","en-IN","","How To Apply To St.Marys University Guide","1","yes","702","418","26","BreadcrumbList; FAQPage; WebPage","Answer; BreadcrumbList; FAQPage; ListItem; Question; WebPage","3","0","student-guides/how-to-apply-to-smru/index.html"
"https://smru.edu.in/student-guides/how-to-verify-university-recognition/","/student-guides/how-to-verify-university-recognition/","200","no","How To Verify University Recognition | St.Mary's University","59","Use official St.Marys University routes to verify How to verify university recognition claims before relying on rankings, fees or outcomes.","139","https://smru.edu.in/student-guides/how-to-verify-university-recognition/","noindex,follow","en-IN","","How To Verify University Recognition Guide","1","yes","730","446","22","BreadcrumbList; FAQPage; WebPage","Answer; BreadcrumbList; FAQPage; ListItem; Question; WebPage","3","0","student-guides/how-to-verify-university-recognition/index.html"
"https://smru.edu.in/student-guides/is-smru-ugc-recognized/","/student-guides/is-smru-ugc-recognized/","200","no","Is St.Marys University UGC | St.Mary's University","49","Use official St.Marys University routes to verify Is St.Marys University UGC recognized claims before relying on rankings, fees or outcomes.","140","https://smru.edu.in/student-guides/is-smru-ugc-recognized/","noindex,follow","en-IN","","Is St.Marys University UGC Recognized Guide","1","yes","730","446","27","BreadcrumbList; FAQPage; WebPage","Answer; BreadcrumbList; FAQPage; ListItem; Question; WebPage","3","0","student-guides/is-smru-ugc-recognized/index.html"
"https://smru.edu.in/student-guides/is-st-marys-university-same-as-smru/","/student-guides/is-st-marys-university-same-as-smru/","200","yes","Is St.Marys University Same As | St.Mary's University","53","Use official St.Marys University routes to verify Is St.Marys University same as St.Marys University claims before relying on rankings, fees or...","146","https://smru.edu.in/student-guides/is-st-marys-university-same-as-smru/","index,follow","en-IN","","Is St.Marys University Same As St.Marys University Guide","1","yes","734","450","31","BreadcrumbList; FAQPage; WebPage","Answer; BreadcrumbList; FAQPage; ListItem; Question; WebPage","3","0","student-guides/is-st-marys-university-same-as-smru/index.html"
"https://smru.edu.in/student-guides/law-college-campus-hyderabad/","/student-guides/law-college-campus-hyderabad/","200","yes","Law College Campus Hyderabad Guide | St.Mary's University","57","Use official St.Marys University routes to verify Law college campus Hyderabad claims before relying on rankings, fees or outcomes.","131","https://smru.edu.in/student-guides/law-college-campus-hyderabad/","index,follow","en-IN","","Law College Campus Hyderabad Guide","1","yes","693","409","21","BreadcrumbList; FAQPage; WebPage","Answer; BreadcrumbList; FAQPage; ListItem; Question; WebPage","3","0","student-guides/law-college-campus-hyderabad/index.html"
"https://smru.edu.in/student-guides/llb-vs-ba-llb/","/student-guides/llb-vs-ba-llb/","200","yes","LLB Vs BA LLB Guide | St.Mary's University","42","Use official St.Marys University routes to verify LLB vs BA LLB claims before relying on rankings, fees or outcomes.","116","https://smru.edu.in/student-guides/llb-vs-ba-llb/","index,follow","en-IN","","LLB Vs BA LLB Guide","1","yes","691","407","19","BreadcrumbList; FAQPage; WebPage","Answer; BreadcrumbList; FAQPage; ListItem; Question; WebPage","3","0","student-guides/llb-vs-ba-llb/index.html"
"https://smru.edu.in/student-guides/mental-health-rehabilitation-hyderabad/","/student-guides/mental-health-rehabilitation-hyderabad/","200","no","Mental Health Rehabilitation | St.Mary's University","51","People searching for mental health rehabilitation Hyderabad can contact St.Marys University to verify current rehabilitation-linked support before...","149","https://smru.edu.in/student-guides/mental-health-rehabilitation-hyderabad/","noindex,follow","en-IN","","Mental Health Rehabilitation Hyderabad Guide","1","yes","751","467","20","BreadcrumbList; FAQPage; WebPage","Answer; BreadcrumbList; FAQPage; ListItem; Question; WebPage","3","0","student-guides/mental-health-rehabilitation-hyderabad/index.html"
"https://smru.edu.in/student-guides/mpt-vs-mot/","/student-guides/mpt-vs-mot/","200","yes","MPT Vs MOT Guide | St.Mary's University","39","Use official St.Marys University routes to verify MPT vs MOT claims before relying on rankings, fees or outcomes.","113","https://smru.edu.in/student-guides/mpt-vs-mot/","index,follow","en-IN","","MPT Vs MOT Guide","1","yes","688","404","19","BreadcrumbList; FAQPage; WebPage","Answer; BreadcrumbList; FAQPage; ListItem; Question; WebPage","3","0","student-guides/mpt-vs-mot/index.html"
"https://smru.edu.in/student-guides/neuro-rehabilitation-hyderabad/","/student-guides/neuro-rehabilitation-hyderabad/","200","no","Neuro Rehabilitation Hyderabad Guide | St.Mary's University","59","People searching for neuro rehabilitation Hyderabad can contact St.Marys University to verify current rehabilitation-linked support before visiting.","148","https://smru.edu.in/student-guides/neuro-rehabilitation-hyderabad/","noindex,follow","en-IN","","Neuro Rehabilitation Hyderabad Guide","1","yes","749","465","20","BreadcrumbList; FAQPage; WebPage","Answer; BreadcrumbList; FAQPage; ListItem; Question; WebPage","3","0","student-guides/neuro-rehabilitation-hyderabad/index.html"
"https://smru.edu.in/student-guides/nursing-college-campus-hyderabad/","/student-guides/nursing-college-campus-hyderabad/","200","yes","Nursing College Campus Hyderabad | St.Mary's University","55","Use official St.Marys University routes to verify Nursing college campus Hyderabad claims before relying on rankings, fees or outcomes.","135","https://smru.edu.in/student-guides/nursing-college-campus-hyderabad/","index,follow","en-IN","","Nursing College Campus Hyderabad Guide","1","yes","693","409","21","BreadcrumbList; FAQPage; WebPage","Answer; BreadcrumbList; FAQPage; ListItem; Question; WebPage","3","0","student-guides/nursing-college-campus-hyderabad/index.html"
"https://smru.edu.in/student-guides/occupational-therapy-services-hyderabad/","/student-guides/occupational-therapy-services-hyderabad/","200","no","Occupational Therapy Services | St.Mary's University","52","People searching for occupational therapy services Hyderabad can contact St.Marys University to verify current rehabilitation-linked support...","143","https://smru.edu.in/student-guides/occupational-therapy-services-hyderabad/","noindex,follow","en-IN","","Occupational Therapy Services Hyderabad Guide","1","yes","750","466","20","BreadcrumbList; FAQPage; WebPage","Answer; BreadcrumbList; FAQPage; ListItem; Question; WebPage","3","0","student-guides/occupational-therapy-services-hyderabad/index.html"
"https://smru.edu.in/student-guides/optometry-vs-radiotherapy-technology/","/student-guides/optometry-vs-radiotherapy-technology/","200","yes","Optometry Vs Radiotherapy Technology | St.Mary's University","59","People searching for Optometry vs Radiotherapy Technology can contact St.Marys University to verify current rehabilitation-linked support before...","147","https://smru.edu.in/student-guides/optometry-vs-radiotherapy-technology/","index,follow","en-IN","","Optometry Vs Radiotherapy Technology Guide","1","yes","747","463","20","BreadcrumbList; FAQPage; WebPage","Answer; BreadcrumbList; FAQPage; ListItem; Question; WebPage","3","0","student-guides/optometry-vs-radiotherapy-technology/index.html"
"https://smru.edu.in/student-guides/orthopedic-physiotherapy-hyderabad/","/student-guides/orthopedic-physiotherapy-hyderabad/","200","no","Orthopedic Physiotherapy Hyderabad | St.Mary's University","57","People searching for orthopedic physiotherapy Hyderabad can contact St.Marys University to verify current rehabilitation-linked support before...","145","https://smru.edu.in/student-guides/orthopedic-physiotherapy-hyderabad/","noindex,follow","en-IN","","Orthopedic Physiotherapy Hyderabad Guide","1","yes","748","464","20","BreadcrumbList; FAQPage; WebPage","Answer; BreadcrumbList; FAQPage; ListItem; Question; WebPage","3","0","student-guides/orthopedic-physiotherapy-hyderabad/index.html"
"https://smru.edu.in/student-guides/parents-admission-checklist/","/student-guides/parents-admission-checklist/","200","yes","Parents Admission Checklist Guide | St.Mary's University","56","Use official St.Marys University routes to verify Parents admission checklist claims before relying on rankings, fees or outcomes.","130","https://smru.edu.in/student-guides/parents-admission-checklist/","index,follow","en-IN","","Parents Admission Checklist Guide","1","yes","687","403","21","BreadcrumbList; FAQPage; WebPage","Answer; BreadcrumbList; FAQPage; ListItem; Question; WebPage","3","0","student-guides/parents-admission-checklist/index.html"
"https://smru.edu.in/student-guides/pediatric-rehabilitation-hyderabad/","/student-guides/pediatric-rehabilitation-hyderabad/","200","no","Pediatric Rehabilitation Hyderabad | St.Mary's University","57","People searching for pediatric rehabilitation Hyderabad can contact St.Marys University to verify current rehabilitation-linked support before...","145","https://smru.edu.in/student-guides/pediatric-rehabilitation-hyderabad/","noindex,follow","en-IN","","Pediatric Rehabilitation Hyderabad Guide","1","yes","748","464","20","BreadcrumbList; FAQPage; WebPage","Answer; BreadcrumbList; FAQPage; ListItem; Question; WebPage","3","0","student-guides/pediatric-rehabilitation-hyderabad/index.html"
"https://smru.edu.in/student-guides/physiotherapy-near-ramoji-film-city/","/student-guides/physiotherapy-near-ramoji-film-city/","200","no","Physiotherapy Near Ramoji Film City | St.Mary's University","58","People searching for physiotherapy near Ramoji Film City can contact St.Marys University to verify current rehabilitation-linked support before...","146","https://smru.edu.in/student-guides/physiotherapy-near-ramoji-film-city/","noindex,follow","en-IN","","Physiotherapy Near Ramoji Film City Guide","1","yes","754","470","20","BreadcrumbList; FAQPage; WebPage","Answer; BreadcrumbList; FAQPage; ListItem; Question; WebPage","3","0","student-guides/physiotherapy-near-ramoji-film-city/index.html"
"https://smru.edu.in/student-guides/physiotherapy-treatment-hyderabad/","/student-guides/physiotherapy-treatment-hyderabad/","200","no","Physiotherapy Treatment Hyderabad | St.Mary's University","56","People searching for physiotherapy treatment Hyderabad can contact St.Marys University to verify current rehabilitation-linked support before...","144","https://smru.edu.in/student-guides/physiotherapy-treatment-hyderabad/","noindex,follow","en-IN","","Physiotherapy Treatment Hyderabad Guide","1","yes","748","464","20","BreadcrumbList; FAQPage; WebPage","Answer; BreadcrumbList; FAQPage; ListItem; Question; WebPage","3","0","student-guides/physiotherapy-treatment-hyderabad/index.html"
"https://smru.edu.in/student-guides/placement-claims-comparison-checklist/","/student-guides/placement-claims-comparison-checklist/","200","no","Placement Claims Comparison | St.Mary's University","50","Use official St.Marys University routes to verify Placement claims comparison checklist claims before relying on rankings, fees or outcomes.","140","https://smru.edu.in/student-guides/placement-claims-comparison-checklist/","noindex,follow","en-IN","","Placement Claims Comparison Checklist Guide","1","yes","721","437","22","BreadcrumbList; FAQPage; WebPage","Answer; BreadcrumbList; FAQPage; ListItem; Question; WebPage","3","0","student-guides/placement-claims-comparison-checklist/index.html"
"https://smru.edu.in/student-guides/post-surgery-rehabilitation-hyderabad/","/student-guides/post-surgery-rehabilitation-hyderabad/","200","no","Post Surgery Rehabilitation | St.Mary's University","50","People searching for post surgery rehabilitation Hyderabad can contact St.Marys University to verify current rehabilitation-linked support before...","148","https://smru.edu.in/student-guides/post-surgery-rehabilitation-hyderabad/","noindex,follow","en-IN","","Post Surgery Rehabilitation Hyderabad Guide","1","yes","751","467","20","BreadcrumbList; FAQPage; WebPage","Answer; BreadcrumbList; FAQPage; ListItem; Question; WebPage","3","0","student-guides/post-surgery-rehabilitation-hyderabad/index.html"
"https://smru.edu.in/student-guides/private-university-vs-college/","/student-guides/private-university-vs-college/","200","yes","Private University Vs College Guide | St.Mary's University","58","Use official St.Marys University routes to verify Private university vs college claims before relying on rankings, fees or outcomes.","132","https://smru.edu.in/student-guides/private-university-vs-college/","index,follow","en-IN","","Private University Vs College Guide","1","yes","690","406","19","BreadcrumbList; FAQPage; WebPage","Answer; BreadcrumbList; FAQPage; ListItem; Question; WebPage","3","0","student-guides/private-university-vs-college/index.html"
"https://smru.edu.in/student-guides/professional-approval-checklist/","/student-guides/professional-approval-checklist/","200","no","Professional Approval Comparison | St.Mary's University","55","Use official St.Marys University routes to verify Professional approval comparison checklist claims before relying on rankings, fees or outcomes.","145","https://smru.edu.in/student-guides/professional-approval-checklist/","noindex,follow","en-IN","","Professional Approval Comparison Checklist Guide","1","yes","722","438","22","BreadcrumbList; FAQPage; WebPage","Answer; BreadcrumbList; FAQPage; ListItem; Question; WebPage","3","0","student-guides/professional-approval-checklist/index.html"
"https://smru.edu.in/student-guides/prosthetics-orthotics-services-hyderabad/","/student-guides/prosthetics-orthotics-services-hyderabad/","200","no","Prosthetics Orthotics Services | St.Mary's University","53","People searching for prosthetics orthotics services Hyderabad can contact St.Marys University to verify current rehabilitation-linked support...","144","https://smru.edu.in/student-guides/prosthetics-orthotics-services-hyderabad/","noindex,follow","en-IN","","Prosthetics Orthotics Services Hyderabad Guide","1","yes","750","466","20","BreadcrumbList; FAQPage; WebPage","Answer; BreadcrumbList; FAQPage; ListItem; Question; WebPage","3","0","student-guides/prosthetics-orthotics-services-hyderabad/index.html"
"https://smru.edu.in/student-guides/rehab-centre-hyderabad/","/student-guides/rehab-centre-hyderabad/","200","no","Rehab Centre In Hyderabad Guide | St.Mary's University","54","People searching for rehab centre in Hyderabad can contact St.Marys University to verify current rehabilitation-linked support before visiting.","143","https://smru.edu.in/student-guides/rehab-centre-hyderabad/","noindex,follow","en-IN","","Rehab Centre In Hyderabad Guide","1","yes","752","468","20","BreadcrumbList; FAQPage; WebPage","Answer; BreadcrumbList; FAQPage; ListItem; Question; WebPage","3","0","student-guides/rehab-centre-hyderabad/index.html"
"https://smru.edu.in/student-guides/rehabilitation-hospital-hyderabad/","/student-guides/rehabilitation-hospital-hyderabad/","200","no","Rehabilitation Hospital In Hyderabad | St.Mary's University","59","People searching for rehabilitation hospital in Hyderabad can contact St.Marys University to verify current rehabilitation-linked support before...","147","https://smru.edu.in/student-guides/rehabilitation-hospital-hyderabad/","noindex,follow","en-IN","","Rehabilitation Hospital In Hyderabad Guide","1","yes","751","467","20","BreadcrumbList; FAQPage; WebPage","Answer; BreadcrumbList; FAQPage; ListItem; Question; WebPage","3","0","student-guides/rehabilitation-hospital-hyderabad/index.html"
"https://smru.edu.in/student-guides/rehabilitation-hospital-near-deshmukhi/","/student-guides/rehabilitation-hospital-near-deshmukhi/","200","no","Rehabilitation Hospital Near | St.Mary's University","51","People searching for rehabilitation hospital near Deshmukhi can contact St.Marys University to verify current rehabilitation-linked support before...","149","https://smru.edu.in/student-guides/rehabilitation-hospital-near-deshmukhi/","noindex,follow","en-IN","","Rehabilitation Hospital Near Deshmukhi Guide","1","yes","751","467","20","BreadcrumbList; FAQPage; WebPage","Answer; BreadcrumbList; FAQPage; ListItem; Question; WebPage","3","0","student-guides/rehabilitation-hospital-near-deshmukhi/index.html"
"https://smru.edu.in/student-guides/rehabilitation-university-campus-hyderabad/","/student-guides/rehabilitation-university-campus-hyderabad/","200","yes","Rehabilitation University Campus | St.Mary's University","55","Use official St.Marys University routes to verify Rehabilitation university campus Hyderabad claims before relying on rankings, fees or outcomes.","145","https://smru.edu.in/student-guides/rehabilitation-university-campus-hyderabad/","index,follow","en-IN","","Rehabilitation University Campus Hyderabad Guide","1","yes","693","409","21","BreadcrumbList; FAQPage; WebPage","Answer; BreadcrumbList; FAQPage; ListItem; Question; WebPage","3","0","student-guides/rehabilitation-university-campus-hyderabad/index.html"
"https://smru.edu.in/student-guides/scholarship-comparison-checklist/","/student-guides/scholarship-comparison-checklist/","200","yes","Scholarship Comparison Checklist | St.Mary's University","55","Use official St.Marys University routes to verify Scholarship comparison checklist claims before relying on rankings, fees or outcomes.","135","https://smru.edu.in/student-guides/scholarship-comparison-checklist/","index,follow","en-IN","","Scholarship Comparison Checklist Guide","1","yes","718","434","22","BreadcrumbList; FAQPage; WebPage","Answer; BreadcrumbList; FAQPage; ListItem; Question; WebPage","3","0","student-guides/scholarship-comparison-checklist/index.html"
"https://smru.edu.in/student-guides/speech-therapy-services-hyderabad/","/student-guides/speech-therapy-services-hyderabad/","200","no","Speech Therapy Services Hyderabad | St.Mary's University","56","People searching for speech therapy services Hyderabad can contact St.Marys University to verify current rehabilitation-linked support before...","144","https://smru.edu.in/student-guides/speech-therapy-services-hyderabad/","noindex,follow","en-IN","","Speech Therapy Services Hyderabad Guide","1","yes","751","467","20","BreadcrumbList; FAQPage; WebPage","Answer; BreadcrumbList; FAQPage; ListItem; Question; WebPage","3","0","student-guides/speech-therapy-services-hyderabad/index.html"
"https://smru.edu.in/student-guides/sports-physiotherapy-hyderabad/","/student-guides/sports-physiotherapy-hyderabad/","200","no","Sports Physiotherapy Hyderabad Guide | St.Mary's University","59","People searching for sports physiotherapy Hyderabad can contact St.Marys University to verify current rehabilitation-linked support before visiting.","148","https://smru.edu.in/student-guides/sports-physiotherapy-hyderabad/","noindex,follow","en-IN","","Sports Physiotherapy Hyderabad Guide","1","yes","749","465","20","BreadcrumbList; FAQPage; WebPage","Answer; BreadcrumbList; FAQPage; ListItem; Question; WebPage","3","0","student-guides/sports-physiotherapy-hyderabad/index.html"
"https://smru.edu.in/student-guides/Stmarys-rehabilitation-university/","/student-guides/Stmarys-rehabilitation-university/","200","yes","St.Marys University Guide | St.Mary's University","48","Use official St.Marys University routes to verify St.Marys University claims before relying on rankings, fees or outcomes.","122","https://smru.edu.in/student-guides/Stmarys-rehabilitation-university/","index,follow","en-IN","","St.Marys University Guide","1","yes","720","436","27","BreadcrumbList; FAQPage; WebPage","Answer; BreadcrumbList; FAQPage; ListItem; Question; WebPage","3","0","student-guides/Stmarys-rehabilitation-university/index.html"
"https://smru.edu.in/student-guides/Stmarys-university-hyderabad/","/student-guides/Stmarys-university-hyderabad/","200","yes","St.Marys University Hyderabad Guide | St.Mary's University","58","Use official St.Marys University routes to verify St.Marys University hyderabad claims before relying on rankings, fees or outcomes.","132","https://smru.edu.in/student-guides/Stmarys-university-hyderabad/","index,follow","en-IN","","St.Marys University Hyderabad Guide","1","yes","724","440","27","BreadcrumbList; FAQPage; WebPage","Answer; BreadcrumbList; FAQPage; ListItem; Question; WebPage","3","0","student-guides/Stmarys-university-hyderabad/index.html"
"https://smru.edu.in/student-guides/Stmarys-university/","/student-guides/Stmarys-university/","200","yes","St.Marys University Guide | St.Mary's University","48","Use official St.Marys University routes to verify St.Marys University claims before relying on rankings, fees or outcomes.","122","https://smru.edu.in/student-guides/Stmarys-university/","index,follow","en-IN","","St.Marys University Guide","1","yes","720","436","27","BreadcrumbList; FAQPage; WebPage","Answer; BreadcrumbList; FAQPage; ListItem; Question; WebPage","3","0","student-guides/Stmarys-university/index.html"
"https://smru.edu.in/student-guides/student-counselling-hyderabad-university/","/student-guides/student-counselling-hyderabad-university/","200","yes","Student Counselling Hyderabad | St.Mary's University","52","Use official St.Marys University routes to verify Student counselling Hyderabad university claims before relying on rankings, fees or outcomes.","143","https://smru.edu.in/student-guides/student-counselling-hyderabad-university/","index,follow","en-IN","","Student Counselling Hyderabad University Guide","1","yes","693","409","21","BreadcrumbList; FAQPage; WebPage","Answer; BreadcrumbList; FAQPage; ListItem; Question; WebPage","3","0","student-guides/student-counselling-hyderabad-university/index.html"
"https://smru.edu.in/student-guides/ugc-recognition-comparison-checklist/","/student-guides/ugc-recognition-comparison-checklist/","200","no","UGC Recognition Comparison Checklist | St.Mary's University","59","Use official St.Marys University routes to verify UGC recognition comparison checklist claims before relying on rankings, fees or outcomes.","139","https://smru.edu.in/student-guides/ugc-recognition-comparison-checklist/","noindex,follow","en-IN","","UGC Recognition Comparison Checklist Guide","1","yes","722","438","22","BreadcrumbList; FAQPage; WebPage","Answer; BreadcrumbList; FAQPage; ListItem; Question; WebPage","3","0","student-guides/ugc-recognition-comparison-checklist/index.html"
"https://smru.edu.in/student-guides/university-campus-visit-hyderabad/","/student-guides/university-campus-visit-hyderabad/","200","yes","University Campus Visit Hyderabad | St.Mary's University","56","Use official St.Marys University routes to verify University campus visit Hyderabad claims before relying on rankings, fees or outcomes.","136","https://smru.edu.in/student-guides/university-campus-visit-hyderabad/","index,follow","en-IN","","University Campus Visit Hyderabad Guide","1","yes","693","409","21","BreadcrumbList; FAQPage; WebPage","Answer; BreadcrumbList; FAQPage; ListItem; Question; WebPage","3","0","student-guides/university-campus-visit-hyderabad/index.html"
"https://smru.edu.in/student-guides/university-near-pochampally-mandal/","/student-guides/university-near-pochampally-mandal/","200","yes","University Near Pochampally Mandal | St.Mary's University","57","Use official St.Marys University routes to verify University near Pochampally Mandal claims before relying on rankings, fees or outcomes.","137","https://smru.edu.in/student-guides/university-near-pochampally-mandal/","index,follow","en-IN","","University Near Pochampally Mandal Guide","1","yes","722","438","22","BreadcrumbList; FAQPage; WebPage","Answer; BreadcrumbList; FAQPage; ListItem; Question; WebPage","3","0","student-guides/university-near-pochampally-mandal/index.html"
"https://smru.edu.in/student-guides/university-vs-college-admission/","/student-guides/university-vs-college-admission/","200","yes","University Vs College Admission Guide | St.Mary's University","60","Use official St.Marys University routes to verify University vs college admission claims before relying on rankings, fees or outcomes.","134","https://smru.edu.in/student-guides/university-vs-college-admission/","index,follow","en-IN","","University Vs College Admission Guide","1","yes","690","406","19","BreadcrumbList; FAQPage; WebPage","Answer; BreadcrumbList; FAQPage; ListItem; Question; WebPage","3","0","student-guides/university-vs-college-admission/index.html"
"https://smru.edu.in/student-guides/water-therapy-rehabilitation-hyderabad/","/student-guides/water-therapy-rehabilitation-hyderabad/","200","no","Water Therapy Rehabilitation | St.Mary's University","51","People searching for water therapy rehabilitation Hyderabad can contact St.Marys University to verify current rehabilitation-linked support before...","149","https://smru.edu.in/student-guides/water-therapy-rehabilitation-hyderabad/","noindex,follow","en-IN","","Water Therapy Rehabilitation Hyderabad Guide","1","yes","751","467","20","BreadcrumbList; FAQPage; WebPage","Answer; BreadcrumbList; FAQPage; ListItem; Question; WebPage","3","0","student-guides/water-therapy-rehabilitation-hyderabad/index.html"
"https://smru.edu.in/student-guides/weekend-campus-visit-hyderabad/","/student-guides/weekend-campus-visit-hyderabad/","200","yes","Weekend Campus Visit Hyderabad Guide | St.Mary's University","59","Use official St.Marys University routes to verify Weekend campus visit Hyderabad claims before relying on rankings, fees or outcomes.","133","https://smru.edu.in/student-guides/weekend-campus-visit-hyderabad/","index,follow","en-IN","","Weekend Campus Visit Hyderabad Guide","1","yes","693","409","21","BreadcrumbList; FAQPage; WebPage","Answer; BreadcrumbList; FAQPage; ListItem; Question; WebPage","3","0","student-guides/weekend-campus-visit-hyderabad/index.html"
"https://smru.edu.in/student-guides/what-courses-does-smru-offer/","/student-guides/what-courses-does-smru-offer/","200","yes","What Courses Does St.Marys | St.Mary's University","49","Check What courses does St.Marys University offer with this student FAQ using official St.Marys University routes before applying.","130","https://smru.edu.in/student-guides/what-courses-does-smru-offer/","index,follow","en-IN","","What Courses Does St.Marys University Offer Guide","1","yes","753","469","27","BreadcrumbList; FAQPage; WebPage","Answer; BreadcrumbList; FAQPage; ListItem; Question; WebPage","3","0","student-guides/what-courses-does-smru-offer/index.html"
"https://smru.edu.in/student-guides/what-is-smru/","/student-guides/what-is-smru/","200","yes","What Is St.Marys University Guide | St.Mary's University","56","Use official St.Marys University routes to verify What is St.Marys University claims before relying on rankings, fees or outcomes.","130","https://smru.edu.in/student-guides/what-is-smru/","index,follow","en-IN","","What Is St.Marys University Guide","1","yes","726","442","27","BreadcrumbList; FAQPage; WebPage","Answer; BreadcrumbList; FAQPage; ListItem; Question; WebPage","3","0","student-guides/what-is-smru/index.html"
"https://smru.edu.in/student-guides/what-to-check-before-admission/","/student-guides/what-to-check-before-admission/","200","yes","What Should I Check Before Admission | St.Mary's University","59","Use official St.Marys University routes to verify What should I check before admission claims before relying on rankings, fees or outcomes.","139","https://smru.edu.in/student-guides/what-to-check-before-admission/","index,follow","en-IN","","What Should I Check Before Admission Guide","1","yes","702","418","21","BreadcrumbList; FAQPage; WebPage","Answer; BreadcrumbList; FAQPage; ListItem; Question; WebPage","3","0","student-guides/what-to-check-before-admission/index.html"
"https://smru.edu.in/student-guides/where-is-smru-located/","/student-guides/where-is-smru-located/","200","yes","Where Is St.Marys University Located | St.Mary's University","59","Use official St.Marys University routes to verify Where is St.Marys University located claims before relying on rankings, fees or outcomes.","139","https://smru.edu.in/student-guides/where-is-smru-located/","index,follow","en-IN","","Where Is St.Marys University Located Guide","1","yes","730","446","27","BreadcrumbList; FAQPage; WebPage","Answer; BreadcrumbList; FAQPage; ListItem; Question; WebPage","3","0","student-guides/where-is-smru-located/index.html"
"https://smru.edu.in/terms-of-service/","/terms-of-service/","200","yes","Terms of Service | St.Mary's University","39","Terms of service for St.Mary's University website usage.","56","https://smru.edu.in/terms-of-service/","index,follow","en-IN","","Terms of Service","1","yes","321","37","7","BreadcrumbList; WebPage","BreadcrumbList; ListItem; WebPage","2","0","terms-of-service/index.html"
"https://smru.edu.in/thank-you/","/thank-you/","200","no","Submission Received | St.Mary's University","42","Your enquiry has been successfully submitted. Our admissions team will contact you shortly.","91","https://smru.edu.in/thank-you/","noindex,follow","en-IN","","Thank You for Your Interest!","1","yes","341","57","6","","","0","0","thank-you/index.html"
"https://smru.edu.in/ugc-disclosure/","/ugc-disclosure/","200","no","UGC Disclosure | St.Mary's University","37","UGC recognition and disclosure information page for St.Mary's University.","73","https://smru.edu.in/ugc-disclosure/","index,follow","en-IN","","UGC Disclosure","1","yes","563","279","8","BreadcrumbList; WebPage","BreadcrumbList; ListItem; WebPage","2","0","ugc-disclosure/index.html"
"https://smru.edu.in/under-update/","/under-update/","200","no","Page Under Update | St.Mary's University","40","This university page is currently under update and is not ready for public publication.","87","https://smru.edu.in/under-update/","noindex,follow","en-IN","","Document Not Ready","1","yes","365","81","6","","","0","0","under-update/index.html"
"https://smru.edu.in/university-in-telangana/","/university-in-telangana/","200","yes","University in Telangana | St.Mary's University","46","State private university in Telangana with a rehabilitation-led academic focus.","79","https://smru.edu.in/university-in-telangana/","index,follow","en-IN","","University in Telangana","1","yes","433","149","10","BreadcrumbList; WebPage","BreadcrumbList; ListItem; WebPage","2","0","university-in-telangana/index.html"
"https://smru.edu.in/university/","/university/","200","no","Partner | St.Mary's University","30","Redirecting to Partner | St.Mary's University.","46","https://smru.edu.in/partner/","noindex,follow","en-IN","","","0","yes","118","0","1","","","0","0","university/index.html"
"https://smru.edu.in/veloces/","/veloces/","200","no","Veloces Partner | St.Mary's University","38","Redirecting to Veloces Partner | St.Mary's University.","54","https://smru.edu.in/partner/veloces/","noindex,follow","en-IN","","","0","yes","118","0","1","","","0","0","veloces/index.html"